raw_name,normalised_name,wb_node,dataset,country,n,lat_centroid,lon_centroid,wb_group,wb_5km,wb_raw,contrib_group,override
Aguilar,aguilar,aguilar,Ruiz-VerduA_ES_UVEG-CEDEX,Spain,4,42.80659722222222,-4.307708333333332,wb2:aguilar,wb5:aguilar,raw:Aguilar,cg:Ruiz-VerduA_ES_UVEG-CEDEX,
Akan,akan,akan,MatsushitaB_JP_Tsukuba,Japan,2,43.455085,144.10165,wb2:akan,wb5:akan,raw:Akan,cg:MaR_CN_NIGLAS,
Alarcón,alarcon,alarcon,Ruiz-VerduA_ES_UVEG-CEDEX,Spain,4,39.603680555555556,-2.1557638888888873,wb2:alarcon,wb5:alarcon,raw:Alarcón,cg:Ruiz-VerduA_ES_UVEG-CEDEX,name normalised
Albufera,albufera,albufera,Ruiz-VerduA_ES_UVEG-CEDEX,Spain,29,39.33515325670499,-0.3508620689655172,wb2:albufera,wb5:albufera,raw:Albufera,cg:Ruiz-VerduA_ES_UVEG-CEDEX,
Alcántara,alcantara,alcantara,Ruiz-VerduA_ES_UVEG-CEDEX,Spain,8,39.7200447719644,-6.507479869021234,wb2:alcantara,wb5:alcantara,raw:Alcántara,cg:Ruiz-VerduA_ES_UVEG-CEDEX,name normalised
Alcorlo,alcorlo,alcorlo,Ruiz-VerduA_ES_UVEG-CEDEX,Spain,1,41.0169444444444,-3.02638888888889,wb2:alcorlo,wb5:alcorlo,raw:Alcorlo,cg:Ruiz-VerduA_ES_UVEG-CEDEX,
Almendra,almendra,almendra,Ruiz-VerduA_ES_UVEG-CEDEX,Spain,13,41.23948717948717,-6.282329059829061,wb2:almendra,wb5:almendra,raw:Almendra,cg:Ruiz-VerduA_ES_UVEG-CEDEX,
"Altamaha River, GA","altamaha river, ga","altamaha river, ga",SchallesJ_US_Creighton,United States of America (the),23,31.32020570048309,-81.39093555555556,"wb2:altamaha river, ga","wb5:altamaha river, ga","raw:Altamaha River, GA",cg:BindingC_CA_ECCC,
"Altamaha Sound, GA","altamaha sound, ga","altamaha sound, ga",SchallesJ_US_Creighton,United States of America (the),1,31.3207,-81.3169833333333,"wb2:altamaha river, ga","wb5:altamaha river, ga","raw:Altamaha Sound, GA",cg:BindingC_CA_ECCC,
"Atlantic Ocean, GA","atlantic ocean, ga","atlantic ocean, ga",SchallesJ_US_Creighton,United States of America (the),137,31.370274155717755,-80.86437296216545,"wb2:altamaha river, ga","wb5:altamaha river, ga","raw:Atlantic Ocean, GA",cg:BindingC_CA_ECCC,
"Doboy Sound, GA","doboy sound, ga","doboy sound, ga",SchallesJ_US_Creighton,United States of America (the),5,31.42868600000002,-81.32068399999999,"wb2:altamaha river, ga","wb5:altamaha river, ga","raw:Doboy Sound, GA",cg:BindingC_CA_ECCC,
"Duplin River, GA","duplin river, ga","duplin river, ga",SchallesJ_US_Creighton,United States of America (the),22,31.278746409090914,-81.28321148484848,"wb2:altamaha river, ga","wb5:altamaha river, ga","raw:Duplin River, GA",cg:BindingC_CA_ECCC,
"Intracoastal Waterway, GA","intracoastal waterway, ga","intracoastal waterway, ga",SchallesJ_US_Creighton,United States of America (the),6,31.511091666666648,-81.2880722222222,"wb2:altamaha river, ga","wb5:altamaha river, ga","raw:Intracoastal Waterway, GA",cg:BindingC_CA_ECCC,
"Post Office Creek, GA","post office creek, ga","post office creek, ga",SchallesJ_US_Creighton,United States of America (the),2,31.43316666666665,-81.28418333333335,"wb2:altamaha river, ga","wb5:altamaha river, ga","raw:Post Office Creek, GA",cg:BindingC_CA_ECCC,
"Sapelo Sound, GA","sapelo sound, ga","sapelo sound, ga",SchallesJ_US_Creighton,United States of America (the),15,31.539352657777766,-81.19597175999999,"wb2:altamaha river, ga","wb5:altamaha river, ga","raw:Sapelo Sound, GA",cg:BindingC_CA_ECCC,
"South End Ceek, GA","south end ceek, ga","south end ceek, ga",SchallesJ_US_Creighton,United States of America (the),1,31.39631,-81.280065,"wb2:altamaha river, ga","wb5:altamaha river, ga","raw:South End Ceek, GA",cg:BindingC_CA_ECCC,
"Teakettle Creek, GA","teakettle creek, ga","teakettle creek, ga",SchallesJ_US_Creighton,United States of America (the),3,31.466855555555536,-81.3072833333333,"wb2:altamaha river, ga","wb5:altamaha river, ga","raw:Teakettle Creek, GA",cg:BindingC_CA_ECCC,
Amer,amer,amer,WernandMR_NL_NIOZ_LK,Netherlands (the),1,51.7099,4.815033,wb2:amer,wb5:amer,raw:Amer,cg:DekkerAG_NL_VU,
Amsterdam-Rhine Canal,amsterdam-rhine canal,amsterdam-rhine canal,DekkerAG_NL_VU,Netherlands (the),1,52.17486,4.99403,wb2:amsterdam-rhine canal,wb5:amsterdam-rhine canal,raw:Amsterdam-Rhine Canal,cg:DekkerAG_NL_VU,"manual merge (AUDIT_1 L2): same canal, English and Dutch names, 14.7 km"
Amsterdam-Rijn kanaal Weesp,amsterdam-rijn kanaal weesp,amsterdam-rijn kanaal weesp,WernandMR_NL_NIOZ_LK,Netherlands (the),1,52.305917,5.02155,wb2:amsterdam-rhine canal,wb5:amsterdam-rhine canal,raw:Amsterdam-Rijn kanaal Weesp,cg:DekkerAG_NL_VU,"manual merge (AUDIT_1 L2): same canal, English and Dutch names, 14.7 km"
Ankeveensche Plassen,ankeveensche plassen,ankeveensche plassen,DekkerAG_NL_VU,Netherlands (the),2,52.274950000000004,5.07545,wb2:ankeveensche plassen,wb5:amsterdam-rhine canal,raw:Ankeveensche Plassen,cg:DekkerAG_NL_VU,
Spiegel- en Blijkpolderplas,spiegel- en blijkpolderplas,spiegel- en blijkpolderplas,DekkerAG_NL_VU,Netherlands (the),2,52.26838,5.0623000000000005,wb2:ankeveensche plassen,wb5:amsterdam-rhine canal,raw:Spiegel- en Blijkpolderplas,cg:DekkerAG_NL_VU,
"Apalachicola Bay, FL","apalachicola bay, fl","apalachicola bay, fl",SchallesJ_US_Creighton,United States of America (the),49,29.689198687052155,-84.93197397573697,"wb2:apalachicola bay, fl","wb5:apalachicola bay, fl","raw:Apalachicola Bay, FL",cg:BindingC_CA_ECCC,
"Apalachicola River, FL","apalachicola river, fl","apalachicola river, fl",SchallesJ_US_Creighton,United States of America (the),4,29.737185,-84.98141833333332,"wb2:apalachicola bay, fl","wb5:apalachicola bay, fl","raw:Apalachicola River, FL",cg:BindingC_CA_ECCC,
"East Bay, FL","east bay, fl","east bay, fl",SchallesJ_US_Creighton,United States of America (the),7,29.764788652222226,-84.90770263031746,"wb2:apalachicola bay, fl","wb5:apalachicola bay, fl","raw:East Bay, FL",cg:BindingC_CA_ECCC,
"Aransas Bay, TX","aransas bay, tx","aransas bay, tx",SchallesJ_US_Creighton,United States of America (the),14,27.997640738095242,-97.09719275396824,"wb2:aransas bay, tx","wb5:aransas bay, tx","raw:Aransas Bay, TX",cg:BindingC_CA_ECCC,"manual merge (AUDIT_1 L2): connected Aransas estuary channels, 8-18 km apart"
"Aransas Channel, TX","aransas channel, tx","aransas channel, tx",SchallesJ_US_Creighton,United States of America (the),5,27.85830444444444,-97.13065444444445,"wb2:aransas bay, tx","wb5:aransas bay, tx","raw:Aransas Channel, TX",cg:BindingC_CA_ECCC,"manual merge (AUDIT_1 L2): connected Aransas estuary channels, 8-18 km apart"
"Aransas Pass, TX","aransas pass, tx","aransas pass, tx",SchallesJ_US_Creighton,United States of America (the),2,27.837625833333348,-97.043442,"wb2:aransas bay, tx","wb5:aransas bay, tx","raw:Aransas Pass, TX",cg:BindingC_CA_ECCC,"manual merge (AUDIT_1 L2): connected Aransas estuary channels, 8-18 km apart"
"Corpus Christi Ship Channel, TX","corpus christi ship channel, tx","corpus christi ship channel, tx",SchallesJ_US_Creighton,United States of America (the),1,27.8197361111111,-97.1883555555556,"wb2:aransas bay, tx","wb5:aransas bay, tx","raw:Corpus Christi Ship Channel, TX",cg:BindingC_CA_ECCC,
"Gulf of Mexico, TX","gulf of mexico, tx","gulf of mexico, tx",SchallesJ_US_Creighton,United States of America (the),1,27.8438611111111,-97.037534,"wb2:aransas bay, tx","wb5:aransas bay, tx","raw:Gulf of Mexico, TX",cg:BindingC_CA_ECCC,
"Lydia Ann Channel, TX","lydia ann channel, tx","lydia ann channel, tx",SchallesJ_US_Creighton,United States of America (the),3,27.87018796296297,-97.05020092592594,"wb2:aransas bay, tx","wb5:aransas bay, tx","raw:Lydia Ann Channel, TX",cg:BindingC_CA_ECCC,"manual merge (AUDIT_1 L2): connected Aransas estuary channels, 8-18 km apart"
"Redfish Bay, TX","redfish bay, tx","redfish bay, tx",SchallesJ_US_Creighton,United States of America (the),3,27.891637037037032,-97.11742222222223,"wb2:aransas bay, tx","wb5:aransas bay, tx","raw:Redfish Bay, TX",cg:BindingC_CA_ECCC,
Arcachon Bay,arcachon bay,arcachon bay,JametC_FR_ULCO-LOG,France,25,44.911468000000006,-1.03584,wb2:arcachon bay,wb5:arcachon bay,raw:Arcachon Bay,cg:BracherA_DE_AWI,
Gironde River,gironde river,gironde river,JametC_FR_ULCO-LOG,France,32,45.302940625,-0.82084375,wb2:arcachon bay,wb5:arcachon bay,raw:Gironde River,cg:BracherA_DE_AWI,
"Ashepoo River, SC","ashepoo river, sc","ashepoo river, sc",SchallesJ_US_Creighton,United States of America (the),8,32.58844166666669,-80.47054583333332,"wb2:ashepoo river, sc","wb5:ashepoo river, sc","raw:Ashepoo River, SC",cg:BindingC_CA_ECCC,
"Edisto River, SC","edisto river, sc","edisto river, sc",SchallesJ_US_Creighton,United States of America (the),12,32.57993750000001,-80.38729490740742,"wb2:ashepoo river, sc","wb5:ashepoo river, sc","raw:Edisto River, SC",cg:BindingC_CA_ECCC,
Atlantic Ocean,atlantic ocean,atlantic ocean [Europe],JametC_FR_ULCO-LOG,France,2,46.9537,-5.3491800000000005,wb2:atlantic ocean [Europe],wb5:atlantic ocean [Europe],raw:Atlantic Ocean [Europe],cg:BracherA_DE_AWI,name split by macro-region
Atlantic Ocean,atlantic ocean,atlantic ocean [Europe],JametC_FR_ULCO-LOG,Spain,11,43.99150909090909,-8.730303636363637,wb2:atlantic ocean [Europe],wb5:atlantic ocean [Europe],raw:Atlantic Ocean [Europe],cg:BracherA_DE_AWI,name split by macro-region
Atlantic Ocean,atlantic ocean,atlantic ocean [Europe],SeaBASS_DE_AWI,France,1,48.8599,-6.378633333,wb2:atlantic ocean [Europe],wb5:atlantic ocean [Europe],raw:Atlantic Ocean [Europe],cg:BracherA_DE_AWI,name split by macro-region
Atlantic Ocean,atlantic ocean,atlantic ocean [North America],OndrusekM_US_NOAA-STAR_US_CST,United States of America (the),23,33.71403209478261,-77.14264969565217,wb2:atlantic ocean [North America],wb5:atlantic ocean [North America],raw:Atlantic Ocean [North America],cg:BindingC_CA_ECCC,name split by macro-region
Atlantic Ocean,atlantic ocean,atlantic ocean [North America],SeaBASS_US_USF,Bahamas (the),25,25.49428,-78.351304,wb2:atlantic ocean [North America],wb5:atlantic ocean [North America],raw:Atlantic Ocean [North America],cg:BindingC_CA_ECCC,name split by macro-region
"Atlantic Ocean, FL","atlantic ocean, fl","atlantic ocean, fl",SeaBASS_US_NRL,United States of America (the),15,26.016830000000002,-80.09132993333333,"wb2:atlantic ocean, fl","wb5:atlantic ocean, fl","raw:Atlantic Ocean, FL",cg:BindingC_CA_ECCC,
"Atlantic Ocean, NJ","atlantic ocean, nj","atlantic ocean, nj",SeaBASS_US_NRL,United States of America (the),15,39.44574,-74.18796,"wb2:atlantic ocean, nj","wb5:atlantic ocean, nj","raw:Atlantic Ocean, NJ",cg:BindingC_CA_ECCC,
"Atlantic Ocean, NY","atlantic ocean, ny","atlantic ocean, ny",SeaBASS_US_NRL,United States of America (the),10,40.3685367,-73.7336367,"wb2:atlantic ocean, ny","wb5:atlantic ocean, ny","raw:Atlantic Ocean, NY",cg:BindingC_CA_ECCC,
"Atlantic Ocean, VA","atlantic ocean, va","atlantic ocean, va",SeaBASS_US_ODU,United States of America (the),62,36.907626666612906,-75.79468672048387,"wb2:atlantic ocean, va","wb5:atlantic ocean, va","raw:Atlantic Ocean, VA",cg:BindingC_CA_ECCC,
"Chesapeake Bay, MD","chesapeake bay, md","chesapeake bay, md",OndrusekM_US_NOAA-STAR_US_CST,United States of America (the),20,38.871545,-76.41808,"wb2:atlantic ocean, va","wb5:atlantic ocean, va","raw:Chesapeake Bay, MD",cg:BindingC_CA_ECCC,
"Chesapeake Bay, MD","chesapeake bay, md","chesapeake bay, md",SchallesJ_US_Creighton,United States of America (the),11,38.640837272727275,-76.45575909090908,"wb2:atlantic ocean, va","wb5:atlantic ocean, va","raw:Chesapeake Bay, MD",cg:BindingC_CA_ECCC,
"Chesapeake Bay, MD","chesapeake bay, md","chesapeake bay, md",SeaBASS_US_CCNY,United States of America (the),43,38.396281395348836,-76.3604511627907,"wb2:atlantic ocean, va","wb5:atlantic ocean, va","raw:Chesapeake Bay, MD",cg:BindingC_CA_ECCC,
"Chesapeake Bay, MD","chesapeake bay, md","chesapeake bay, md",SeaBASS_US_NRL,United States of America (the),30,38.56319766666666,-76.36421166666668,"wb2:atlantic ocean, va","wb5:atlantic ocean, va","raw:Chesapeake Bay, MD",cg:BindingC_CA_ECCC,
"Chesapeake Bay, MD","chesapeake bay, md","chesapeake bay, md",SeaBASS_US_USF,United States of America (the),45,38.807302222222226,-76.39664222222223,"wb2:atlantic ocean, va","wb5:atlantic ocean, va","raw:Chesapeake Bay, MD",cg:BindingC_CA_ECCC,
"Patuxent River, MD","patuxent river, md","patuxent river, md",SchallesJ_US_Creighton,United States of America (the),4,38.4912875,-76.6134625,"wb2:atlantic ocean, va","wb5:atlantic ocean, va","raw:Patuxent River, MD",cg:BindingC_CA_ECCC,
"Rhode River, MD","rhode river, md","rhode river, md",SchallesJ_US_Creighton,United States of America (the),1,38.86559,-76.51367,"wb2:atlantic ocean, va","wb5:atlantic ocean, va","raw:Rhode River, MD",cg:BindingC_CA_ECCC,
Ba Be Lake,ba be lake,ba be lake,NguyenTTH_VN_VNU-HUS,Viet Nam,30,22.41217333333333,105.62181666666667,wb2:ba be lake,wb5:ba be lake,raw:Ba Be Lake,cg:BracherA_DE_AWI,
"Bahia Grande, TX","bahia grande, tx","bahia grande, tx",SchallesJ_US_Creighton,United States of America (the),8,26.032736111111113,-97.28935069444447,"wb2:bahia grande, tx","wb5:bahia grande, tx","raw:Bahia Grande, TX",cg:BindingC_CA_ECCC,
Baltic Sea,baltic sea,baltic sea,AlikasK_EE_UT-TO,Sweden,5,58.690642000000004,17.59757,wb2:baltic sea,wb5:baltic sea,raw:Baltic Sea,cg:AlikasK_EE_UT-TO,
"Baltimore Harbor, MD","baltimore harbor, md","baltimore harbor, md",SchallesJ_US_Creighton,United States of America (the),2,39.22282,-76.54555500000001,"wb2:baltimore harbor, md","wb5:baltimore harbor, md","raw:Baltimore Harbor, MD",cg:BindingC_CA_ECCC,
"Bangs Lake, MS","bangs lake, ms","bangs lake, ms",SchallesJ_US_Creighton,United States of America (the),4,30.360105,-88.46822833333333,"wb2:bangs lake, ms","wb5:apalachicola bay, fl","raw:Bangs Lake, MS",cg:BindingC_CA_ECCC,
"Bayou Cumbest, MS","bayou cumbest, ms","bayou cumbest, ms",SchallesJ_US_Creighton,United States of America (the),8,30.381732150583325,-88.441657835,"wb2:bangs lake, ms","wb5:apalachicola bay, fl","raw:Bayou Cumbest, MS",cg:BindingC_CA_ECCC,
"Bayou Heron, MS","bayou heron, ms","bayou heron, ms",SchallesJ_US_Creighton,United States of America (the),7,30.399744040142856,-88.40177942357143,"wb2:bangs lake, ms","wb5:apalachicola bay, fl","raw:Bayou Heron, MS",cg:BindingC_CA_ECCC,
"Crooked Bayou, MS","crooked bayou, ms","crooked bayou, ms",SchallesJ_US_Creighton,United States of America (the),2,30.354117,-88.419083,"wb2:bangs lake, ms","wb5:apalachicola bay, fl","raw:Crooked Bayou, MS",cg:BindingC_CA_ECCC,
Gulf of Mexico,gulf of mexico,gulf of mexico,SeaBASS_US_NRL,United States of America (the),221,30.026581864162896,-88.18063000751131,"wb2:bangs lake, ms","wb5:apalachicola bay, fl",raw:Gulf of Mexico,cg:BindingC_CA_ECCC,
"Middle Bay, MS","middle bay, ms","middle bay, ms",SchallesJ_US_Creighton,United States of America (the),1,30.37915,-88.40185,"wb2:bangs lake, ms","wb5:apalachicola bay, fl","raw:Middle Bay, MS",cg:BindingC_CA_ECCC,
"Mississippi Sound, MS","mississippi sound, ms","mississippi sound, ms",SchallesJ_US_Creighton,United States of America (the),5,30.314516000000005,-88.43319133333334,"wb2:bangs lake, ms","wb5:apalachicola bay, fl","raw:Mississippi Sound, MS",cg:BindingC_CA_ECCC,
"N Rigolets Bayou, MS","n rigolets bayou, ms","n rigolets bayou, ms",SchallesJ_US_Creighton,United States of America (the),1,30.3664,-88.4110166666667,"wb2:bangs lake, ms","wb5:apalachicola bay, fl","raw:N Rigolets Bayou, MS",cg:BindingC_CA_ECCC,
"Point Aux Chenes Bay, MS","point aux chenes bay, ms","point aux chenes bay, ms",SchallesJ_US_Creighton,United States of America (the),3,30.344330648148134,-88.43570740740743,"wb2:bangs lake, ms","wb5:apalachicola bay, fl","raw:Point Aux Chenes Bay, MS",cg:BindingC_CA_ECCC,
Bassenthwaite Lake,bassenthwaite lake,bassenthwaite lake,SpyrakosE_GB_STIR,United Kingdom of Great Britain and Northern Ireland (the),4,54.66018,-3.2220825,wb2:bassenthwaite lake,wb5:bassenthwaite lake,raw:Bassenthwaite Lake,cg:AlikasK_EE_UT-TO,
"Bayou Cassotte, MS","bayou cassotte, ms","bayou cassotte, ms",SchallesJ_US_Creighton,United States of America (the),3,30.343739722222235,-88.50973444444442,"wb2:bayou cassotte, ms","wb5:apalachicola bay, fl","raw:Bayou Cassotte, MS",cg:BindingC_CA_ECCC,
Beaver Dam Lake,beaver dam lake,beaver dam lake,GrebSR_US_WDNR,United States of America (the),3,43.484453333333335,-88.87497333333334,wb2:beaver dam lake,wb5:beaver dam lake,raw:Beaver Dam Lake,cg:BindingC_CA_ECCC,
Beniarrés,beniarres,beniarres,Ruiz-VerduA_ES_UVEG-CEDEX,Spain,1,38.8127777777778,-0.355,wb2:beniarres,wb5:beniarres,raw:Beniarrés,cg:Ruiz-VerduA_ES_UVEG-CEDEX,name normalised
Big Saint Germain Lake,big saint germain lake,big saint germain lake,GrebSR_US_WDNR,United States of America (the),6,45.93405166666667,-89.51892666666667,wb2:big saint germain lake,wb5:big saint germain lake,raw:Big Saint Germain Lake,cg:BindingC_CA_ECCC,
Big Sand Lake,big sand lake,big sand lake,GrebSR_US_WDNR,United States of America (the),3,46.06397333333333,-88.97509666666667,wb2:big sand lake,wb5:big sand lake,raw:Big Sand Lake,cg:BindingC_CA_ECCC,
Biwa,biwa,biwa,MatsushitaB_JP_Tsukuba,Japan,9,35.259329629999996,136.03965372222223,wb2:biwa,wb5:biwa,raw:Biwa,cg:MaR_CN_NIGLAS,
"Black River, SC","black river, sc","black river, sc",SchallesJ_US_Creighton,United States of America (the),2,33.442691666666704,-79.26098116666665,"wb2:black river, sc","wb5:black river, sc","raw:Black River, SC",cg:BindingC_CA_ECCC,
"Blackbird Creek, DE","blackbird creek, de","blackbird creek, de",SchallesJ_US_Creighton,United States of America (the),4,39.40385616666667,-75.6140455,"wb2:blackbird creek, de","wb5:blackbird creek, de","raw:Blackbird Creek, DE",cg:BindingC_CA_ECCC,
"Blackburn Bay, FL","blackburn bay, fl","blackburn bay, fl",SchallesJ_US_Creighton,United States of America (the),2,27.144925,-82.47656666666666,"wb2:blackburn bay, fl","wb5:blackburn bay, fl","raw:Blackburn Bay, FL",cg:BindingC_CA_ECCC,
Blowering Reservoir,blowering reservoir,blowering reservoir,AnsteeJ_AU_CSIRO,Australia,9,-35.47510711111111,148.26417433333333,wb2:blowering reservoir,wb5:blowering reservoir,raw:Blowering Reservoir,cg:AnsteeJ_AU_CSIRO,
Bornos,bornos,bornos,Ruiz-VerduA_ES_UVEG-CEDEX,Spain,2,36.8135673876291,-5.71873038210318,wb2:bornos,wb5:bornos,raw:Bornos,cg:Ruiz-VerduA_ES_UVEG-CEDEX,
BovenMerwede,bovenmerwede,bovenmerwede,WernandMR_NL_NIOZ_LK,Netherlands (the),1,51.829117,4.962917,wb2:bovenmerwede,wb5:bovenmerwede,raw:BovenMerwede,cg:DekkerAG_NL_VU,
Branched Oak Lake,branched oak lake,branched oak lake,GitelsonAA_US_UNL,United States of America (the),40,40.9727185,-96.8676535,wb2:branched oak lake,wb5:branched oak lake,raw:Branched Oak Lake,cg:GitelsonAA_US_UNL,
Breukeleveensche- of Stille Plas,breukeleveensche- of stille plas,breukeleveensche- of stille plas,DekkerAG_NL_VU,Netherlands (the),1,52.18365,5.08337,wb2:breukeleveensche- of stille plas,wb5:amsterdam-rhine canal,raw:Breukeleveensche- of Stille Plas,cg:DekkerAG_NL_VU,
Loosdrechtse Plassen,loosdrechtse plassen,loosdrechtse plassen,DekkerAG_NL_VU,Netherlands (the),1,52.17336,5.06178,wb2:breukeleveensche- of stille plas,wb5:amsterdam-rhine canal,raw:Loosdrechtse Plassen,cg:DekkerAG_NL_VU,
Loosdtrechtse plassen nr5,loosdrechtse plassen,loosdrechtse plassen,WernandMR_NL_NIOZ_LK,Netherlands (the),1,52.173367,5.069683,wb2:breukeleveensche- of stille plas,wb5:amsterdam-rhine canal,raw:Loosdtrechtse plassen nr5,cg:DekkerAG_NL_VU,name normalised
Loosdrechtse plassen Stille plas,loosdrechtse plassen stille plas,loosdrechtse plassen stille plas,WernandMR_NL_NIOZ_LK,Netherlands (the),1,52.183317,5.0937,wb2:breukeleveensche- of stille plas,wb5:amsterdam-rhine canal,raw:Loosdrechtse plassen Stille plas,cg:DekkerAG_NL_VU,
Bronkhorstspruit,bronkhorstspruit,bronkhorstspruit,KravitzJ_ZA_UCT,South Africa,4,-25.9009625,28.69497625,wb2:bronkhorstspruit,wb5:bronkhorstspruit,raw:Bronkhorstspruit,cg:KravitzJ_ZA_UCT,
Brovales,brovales,brovales,Ruiz-VerduA_ES_UVEG-CEDEX,Spain,1,38.353384,-6.6647121,wb2:brovales,wb5:brovales,raw:Brovales,cg:Ruiz-VerduA_ES_UVEG-CEDEX,
Buendía,buendia,buendia,Ruiz-VerduA_ES_UVEG-CEDEX,Spain,1,40.4041666666667,-2.76833333333333,wb2:buendia,wb5:buendia,raw:Buendía,cg:Ruiz-VerduA_ES_UVEG-CEDEX,name normalised
Burguillo,burguillo,burguillo,Ruiz-VerduA_ES_UVEG-CEDEX,Spain,4,40.42590277777777,-4.57486111111111,wb2:burguillo,wb5:burguillo,raw:Burguillo,cg:Ruiz-VerduA_ES_UVEG-CEDEX,
Burrinjuck Dam,burrinjuck dam,burrinjuck dam,AnsteeJ_AU_CSIRO,Australia,11,-34.968335145454546,148.6849883090909,wb2:burrinjuck dam,wb5:burrinjuck dam,raw:Burrinjuck Dam,cg:AnsteeJ_AU_CSIRO,
"Bush River, MD","bush river, md","bush river, md",SchallesJ_US_Creighton,United States of America (the),5,39.409294,-76.260306,"wb2:bush river, md","wb5:bush river, md","raw:Bush River, MD",cg:BindingC_CA_ECCC,
Butternut Lake,butternut lake,butternut lake,GrebSR_US_WDNR,United States of America (the),3,45.91342666666666,-88.9934,wb2:butternut lake,wb5:butternut lake,raw:Butternut Lake,cg:BindingC_CA_ECCC,
Canelles,canelles,canelles,Ruiz-VerduA_ES_UVEG-CEDEX,Spain,4,42.012430555555525,0.6397916666666668,wb2:canelles,wb5:canelles,raw:Canelles,cg:Ruiz-VerduA_ES_UVEG-CEDEX,
Cannon,cannon,cannon,OlmansonLG_US_UMN,United States of America (the),1,44.27616,-93.34875,wb2:cannon,wb5:cannon,raw:Cannon,cg:OlmansonLG_US_UMN,
"Canoochee River, GA","canoochee river, ga","canoochee river, ga",SchallesJ_US_Creighton,United States of America (the),2,31.98566666666665,-81.33229166666665,"wb2:canoochee river, ga","wb5:canoochee river, ga","raw:Canoochee River, GA",cg:BindingC_CA_ECCC,
"Ogeechee River, GA","ogeechee river, ga","ogeechee river, ga",SchallesJ_US_Creighton,United States of America (the),18,31.94368703703703,-81.2598138888889,"wb2:canoochee river, ga","wb5:canoochee river, ga","raw:Ogeechee River, GA",cg:BindingC_CA_ECCC,
"Carl Blackwell Lake, OK","carl blackwell lake, ok","carl blackwell lake, ok",SchallesJ_US_Creighton,United States of America (the),3,36.137296296296306,-97.258675,"wb2:carl blackwell lake, ok","wb5:carl blackwell lake, ok","raw:Carl Blackwell Lake, OK",cg:BindingC_CA_ECCC,
"Carter Lake, NE","carter lake, ne","carter lake, ne",SchallesJ_US_Creighton,United States of America (the),17,41.296064705882344,-95.91431470588235,"wb2:carter lake, ne","wb5:carter lake, ne","raw:Carter Lake, NE",cg:BindingC_CA_ECCC,
Cernadilla,cernadilla,cernadilla,Ruiz-VerduA_ES_UVEG-CEDEX,Spain,1,42.0183333333333,-6.47388888888889,wb2:cernadilla,wb5:cernadilla,raw:Cernadilla,cg:Ruiz-VerduA_ES_UVEG-CEDEX,
Chaohu,chaohu,chaohu,MaR_CN_NIGLAS,China,40,31.578445699999996,117.47555005,wb2:chaohu,wb5:chaohu,raw:Chaohu,cg:MaR_CN_NIGLAS,
"Charlotte Harbor, FL","charlotte harbor, fl","charlotte harbor, fl",SchallesJ_US_Creighton,United States of America (the),5,26.8974462,-82.12618493333332,"wb2:charlotte harbor, fl","wb5:charlotte harbor, fl","raw:Charlotte Harbor, FL",cg:BindingC_CA_ECCC,
Cijara,cijara,cijara,Ruiz-VerduA_ES_UVEG-CEDEX,Spain,2,39.347584137996094,-4.932930571706574,wb2:cijara,wb5:cijara,raw:Cijara,cg:Ruiz-VerduA_ES_UVEG-CEDEX,
"Combahee River, SC","combahee river, sc","combahee river, sc",SchallesJ_US_Creighton,United States of America (the),1,32.5060833333333,-80.5308583333333,"wb2:combahee river, sc","wb5:combahee river, sc","raw:Combahee River, SC",cg:BindingC_CA_ECCC,
Como,como,como,GiardinoC_IT_CNR-IREA,Italy,6,46.01486933333334,9.268731333333333,wb2:como,wb5:como,raw:Como,cg:GiardinoC_IT_CNR-IREA,
Maggiore,maggiore,maggiore,GiardinoC_IT_CNR-IREA,Italy,28,45.91367178571429,8.589212865071428,wb2:como,wb5:como,raw:Como,cg:GiardinoC_IT_CNR-IREA,
Coniston Water,coniston water,coniston water,SpyrakosE_GB_STIR,United Kingdom of Great Britain and Northern Ireland (the),1,54.36213,-3.06247,wb2:coniston water,wb5:coniston water,raw:Coniston Water,cg:AlikasK_EE_UT-TO,
Contreras,contreras,contreras,Ruiz-VerduA_ES_UVEG-CEDEX,Spain,2,39.6054166666667,-1.53486111111111,wb2:contreras,wb5:contreras,raw:Contreras,cg:Ruiz-VerduA_ES_UVEG-CEDEX,
"Corpus Christi Bay, TX","corpus christi bay, tx","corpus christi bay, tx",SchallesJ_US_Creighton,United States of America (the),4,27.790639583333324,-97.37928680555558,"wb2:corpus christi bay, tx","wb5:corpus christi bay, tx","raw:Corpus Christi Bay, TX",cg:BindingC_CA_ECCC,
Cortes,cortes,cortes,Ruiz-VerduA_ES_UVEG-CEDEX,Spain,1,39.2527034083674,-0.928022179962581,wb2:cortes,wb5:cortes,raw:Cortes,cg:Ruiz-VerduA_ES_UVEG-CEDEX,
Cuerda del Pozo,cuerda del pozo,cuerda del pozo,Ruiz-VerduA_ES_UVEG-CEDEX,Spain,7,41.85563492063493,-2.41468253968254,wb2:cuerda del pozo,wb5:cuerda del pozo,raw:Cuerda del Pozo,cg:Ruiz-VerduA_ES_UVEG-CEDEX,
"Cumberland Sound, GA","cumberland sound, ga","cumberland sound, ga",SchallesJ_US_Creighton,United States of America (the),1,30.71625,-81.47334,"wb2:cumberland sound, ga","wb5:cumberland sound, ga","raw:Cumberland Sound, GA",cg:BindingC_CA_ECCC,
"St. Marys River, GA","st. marys river, ga","st. marys river, ga",SchallesJ_US_Creighton,United States of America (the),23,30.72912830434782,-81.59771644444444,"wb2:cumberland sound, ga","wb5:cumberland sound, ga","raw:St. Marys River, GA",cg:BindingC_CA_ECCC,
"Cunningham Lake, NE","cunningham lake, ne","cunningham lake, ne",SchallesJ_US_Creighton,United States of America (the),9,41.34962422222222,-96.05454444444445,"wb2:cunningham lake, ne","wb5:cunningham lake, ne","raw:Cunningham Lake, NE",cg:BindingC_CA_ECCC,
Curonian Lagoon,curonian lagoon,curonian lagoon,AlikasK_EE_UT-TO,Lithuania,8,55.41820875,21.11696,wb2:curonian lagoon,wb5:curonian lagoon,raw:Curonian Lagoon,cg:AlikasK_EE_UT-TO,
Curuai Lake,curuai lake,curuai lake,BarbosaCCF_BR_LabISA-INPE,Brazil,14,-2.1530376985714286,-55.466297620714286,wb2:curuai lake,wb5:curuai lake,raw:Curuai Lake,cg:BarbosaCCF_BR_LabISA-INPE,
"Delaware Bay, DE","delaware bay, de","delaware bay, de",SchallesJ_US_Creighton,United States of America (the),4,39.06632083333332,-75.3866,"wb2:delaware bay, de","wb5:delaware bay, de","raw:Delaware Bay, DE",cg:BindingC_CA_ECCC,
"Murderkill River, DE","murderkill river, de","murderkill river, de",SchallesJ_US_Creighton,United States of America (the),4,39.028266666666674,-75.424525,"wb2:delaware bay, de","wb5:delaware bay, de","raw:Murderkill River, DE",cg:BindingC_CA_ECCC,
"St. Jones River, DE","st. jones river, de","st. jones river, de",SchallesJ_US_Creighton,United States of America (the),8,39.092054166666664,-75.45214166666668,"wb2:delaware bay, de","wb5:delaware bay, de","raw:St. Jones River, DE",cg:BindingC_CA_ECCC,
"Derby Pond, DE","derby pond, de","derby pond, de",SchallesJ_US_Creighton,United States of America (the),1,39.0857,-75.5599166666667,"wb2:derby pond, de","wb5:derby pond, de","raw:Derby Pond, DE",cg:BindingC_CA_ECCC,
Dianchi,dianchi,dianchi,MaR_CN_NIGLAS,China,12,24.821882000000002,102.67278974999999,wb2:dianchi,wb5:dianchi,raw:Dianchi,cg:MaR_CN_NIGLAS,
Dianchi,dianchi,dianchi,MatsushitaB_JP_Tsukuba,China,52,24.827321302884613,102.68687143461537,wb2:dianchi,wb5:dianchi,raw:Dianchi,cg:MaR_CN_NIGLAS,
"Doctor's Lake, FL","doctor's lake, fl","doctor's lake, fl",SchallesJ_US_Creighton,United States of America (the),3,30.118261111111135,-81.74494999999996,"wb2:doctor's lake, fl","wb5:doctor's lake, fl","raw:Doctor's Lake, FL",cg:BindingC_CA_ECCC,
"Dona Bay, FL","dona bay, fl","dona bay, fl",SchallesJ_US_Creighton,United States of America (the),1,27.116179,-82.453738,"wb2:dona bay, fl","wb5:blackburn bay, fl","raw:Dona Bay, FL",cg:BindingC_CA_ECCC,
"Intracoastal Waterway, FL","intracoastal waterway, fl","intracoastal waterway, fl",SchallesJ_US_Creighton,United States of America (the),1,27.1023,-82.4432166666667,"wb2:dona bay, fl","wb5:blackburn bay, fl","raw:Intracoastal Waterway, FL",cg:BindingC_CA_ECCC,
"Lyons Bay, FL","lyons bay, fl","lyons bay, fl",SchallesJ_US_Creighton,United States of America (the),1,27.1172833333333,-82.4666833333333,"wb2:dona bay, fl","wb5:blackburn bay, fl","raw:Lyons Bay, FL",cg:BindingC_CA_ECCC,
"Roberts Bay, FL","roberts bay, fl","roberts bay, fl",SchallesJ_US_Creighton,United States of America (the),1,27.1096166666667,-82.4545666666667,"wb2:dona bay, fl","wb5:blackburn bay, fl","raw:Roberts Bay, FL",cg:BindingC_CA_ECCC,
Eagle Creek Reservoir,eagle creek reservoir,eagle creek reservoir,LiL_US_IUPUI,United States of America (the),80,39.846196625,-86.30563575,wb2:eagle creek reservoir,wb5:eagle creek reservoir,raw:Eagle Creek Reservoir,cg:BindingC_CA_ECCC,
"Eagle Creek Reservoir, IN","eagle creek reservoir, in","eagle creek reservoir, in",SchallesJ_US_Creighton,United States of America (the),6,39.84970000000002,-86.30763055555555,wb2:eagle creek reservoir,wb5:eagle creek reservoir,"raw:Eagle Creek Reservoir, IN",cg:BindingC_CA_ECCC,
Ebro,ebro,ebro,Ruiz-VerduA_ES_UVEG-CEDEX,Spain,3,42.9835239970584,-4.0418744060509635,wb2:ebro,wb5:ebro,raw:Ebro,cg:Ruiz-VerduA_ES_UVEG-CEDEX,
El Atazar,el atazar,el atazar,Ruiz-VerduA_ES_UVEG-CEDEX,Spain,4,40.909375,-3.4932638888888876,wb2:el atazar,wb5:el atazar,raw:El Atazar,cg:Ruiz-VerduA_ES_UVEG-CEDEX,
"Elizabeth River, VA","elizabeth river, va","elizabeth river, va",SchallesJ_US_Creighton,United States of America (the),1,36.8831498333333,-76.3331821666667,"wb2:elizabeth river, va","wb5:elizabeth river, va","raw:Elizabeth River, VA",cg:BindingC_CA_ECCC,
Elysian,elysian,elysian,OlmansonLG_US_UMN,United States of America (the),1,44.19646,-93.6591,wb2:elysian,wb5:elysian,raw:Elysian,cg:OlmansonLG_US_UMN,
Embalse de Paso del Palmar,embalse de paso del palmar,embalse de paso del palmar,FernandezV_UY_MAUY,Uruguay,37,-33.07888162162162,-57.396886378378376,wb2:embalse de paso del palmar,wb5:embalse de paso del palmar,raw:Embalse de Paso del Palmar,cg:FernandezV_UY_MAUY,
English Channel,english channel,english channel,JametC_FR_ULCO-LOG,Belgium,23,51.38605060869565,2.903714826086957,wb2:english channel,wb5:english channel,raw:English Channel,cg:BracherA_DE_AWI,
English Channel,english channel,english channel,JametC_FR_ULCO-LOG,France,123,50.330943008130085,0.8960541681869919,wb2:english channel,wb5:english channel,raw:English Channel,cg:BracherA_DE_AWI,
English Channel,english channel,english channel,JametC_FR_ULCO-LOG,Netherlands (the),19,51.50541731578947,3.2539013684210527,wb2:english channel,wb5:english channel,raw:English Channel,cg:BracherA_DE_AWI,
English Channel,english channel,english channel,JametC_FR_ULCO-LOG,United Kingdom of Great Britain and Northern Ireland (the),31,50.830350709677425,0.02030052709677419,wb2:english channel,wb5:english channel,raw:English Channel,cg:BracherA_DE_AWI,
Entrepeñas,entrepenas,entrepenas,Ruiz-VerduA_ES_UVEG-CEDEX,Spain,1,40.5083333333333,-2.73,wb2:entrepenas,wb5:entrepenas,raw:Entrepeñas,cg:Ruiz-VerduA_ES_UVEG-CEDEX,name normalised
Erhai,erhai,erhai,MatsushitaB_JP_Tsukuba,China,37,25.824160435675672,100.18414391081082,wb2:erhai,wb5:erhai,raw:Erhai,cg:MaR_CN_NIGLAS,
Fence Lake,fence lake,fence lake,GrebSR_US_WDNR,United States of America (the),3,45.94763666666666,-89.83756333333334,wb2:fence lake,wb5:fence lake,raw:Fence Lake,cg:BindingC_CA_ECCC,
"Fork Branch, DE","fork branch, de","fork branch, de",SchallesJ_US_Creighton,United States of America (the),1,39.18335,-75.5476,"wb2:fork branch, de","wb5:fork branch, de","raw:Fork Branch, DE",cg:BindingC_CA_ECCC,
Fox Lake,fox lake,fox lake,GrebSR_US_WDNR,United States of America (the),3,43.58855,-88.91967666666666,wb2:fox lake,wb5:fox lake,raw:Fox Lake,cg:BindingC_CA_ECCC,
Fox River,fox river,fox river,GrebSR_US_WDNR,United States of America (the),1,44.53722,-88.00648,wb2:fox river,wb5:fox river,raw:Fox River,cg:BindingC_CA_ECCC,
Francis,francis,francis,OlmansonLG_US_UMN,United States of America (the),1,44.21073,-93.69412,wb2:francis,wb5:elysian,raw:Francis,cg:OlmansonLG_US_UMN,
Fremont Lake #01,fremont lake,fremont lake,GitelsonAA_US_UNL,United States of America (the),17,41.45017,-96.5606,wb2:fremont lake,wb5:fremont lake,raw:Fremont Lake #01,cg:GitelsonAA_US_UNL,name normalised
Fremont Lake #02,fremont lake,fremont lake,GitelsonAA_US_UNL,United States of America (the),17,41.4498,-96.56363,wb2:fremont lake,wb5:fremont lake,raw:Fremont Lake #02,cg:GitelsonAA_US_UNL,name normalised
Fremont Lake #03,fremont lake,fremont lake,GitelsonAA_US_UNL,United States of America (the),17,41.45073,-96.5695,wb2:fremont lake,wb5:fremont lake,raw:Fremont Lake #03,cg:GitelsonAA_US_UNL,name normalised
Fremont Lake #04,fremont lake,fremont lake,GitelsonAA_US_UNL,United States of America (the),14,41.45053,-96.57692,wb2:fremont lake,wb5:fremont lake,raw:Fremont Lake #04,cg:GitelsonAA_US_UNL,name normalised
Fremont Lake #05,fremont lake,fremont lake,GitelsonAA_US_UNL,United States of America (the),17,41.44907,-96.5709,wb2:fremont lake,wb5:fremont lake,raw:Fremont Lake #05,cg:GitelsonAA_US_UNL,name normalised
Fremont Lake #07,fremont lake,fremont lake,GitelsonAA_US_UNL,United States of America (the),16,41.44992,-96.57977,wb2:fremont lake,wb5:fremont lake,raw:Fremont Lake #07,cg:GitelsonAA_US_UNL,name normalised
Fremont Lake #16,fremont lake,fremont lake,GitelsonAA_US_UNL,United States of America (the),17,41.44202,-96.55752,wb2:fremont lake,wb5:fremont lake,raw:Fremont Lake #16,cg:GitelsonAA_US_UNL,name normalised
Fremont Lake #17,fremont lake,fremont lake,GitelsonAA_US_UNL,United States of America (the),17,41.4394,-96.54592,wb2:fremont lake,wb5:fremont lake,raw:Fremont Lake #17,cg:GitelsonAA_US_UNL,name normalised
Fremont Lake #18,fremont lake,fremont lake,GitelsonAA_US_UNL,United States of America (the),4,41.43837,-96.54097,wb2:fremont lake,wb5:fremont lake,raw:Fremont Lake #18,cg:GitelsonAA_US_UNL,name normalised
Fremont Lake #20,fremont lake,fremont lake,GitelsonAA_US_UNL,United States of America (the),13,41.43662846153846,-96.54925307692308,wb2:fremont lake,wb5:fremont lake,raw:Fremont Lake #20,cg:GitelsonAA_US_UNL,name normalised
Victory Lake,victory lake,victory lake,GitelsonAA_US_UNL,United States of America (the),3,41.43943,-96.5358,wb2:fremont lake,wb5:fremont lake,raw:Victory Lake,cg:GitelsonAA_US_UNL,
Garda,garda,garda,GiardinoC_IT_CNR-IREA,Italy,193,45.50106779565342,10.625435573459988,wb2:garda,wb5:garda,raw:Garda,cg:GiardinoC_IT_CNR-IREA,
Gaupnefjorden,gaupnefjorden,gaupnefjorden,KristoffersenA_NO_UiB,Norway,4,61.380945,7.32197,wb2:gaupnefjorden,wb5:gaupnefjorden,raw:Gaupnefjorden,cg:KristoffersenA_NO_UiB,
Geist Reservoir,geist reservoir,geist reservoir,LiL_US_IUPUI,United States of America (the),58,39.930679827586204,-85.95442758620689,wb2:geist reservoir,wb5:geist reservoir,raw:Geist Reservoir,cg:BindingC_CA_ECCC,
Geneva Lake,geneva lake,geneva lake,GrebSR_US_WDNR,United States of America (the),12,42.565975,-88.5015125,wb2:geneva lake,wb5:geneva lake,raw:Geneva Lake,cg:BindingC_CA_ECCC,
Giribaile,giribaile,giribaile,Ruiz-VerduA_ES_UVEG-CEDEX,Spain,1,38.0938888888889,-3.48861111111111,wb2:giribaile,wb5:giribaile,raw:Giribaile,cg:Ruiz-VerduA_ES_UVEG-CEDEX,
"Grand Bay, MS","grand bay, ms","grand bay, ms",SchallesJ_US_Creighton,United States of America (the),2,30.36501916666665,-88.3523448611111,"wb2:grand bay, ms","wb5:apalachicola bay, fl","raw:Grand Bay, MS",cg:BindingC_CA_ECCC,
"Great Pee Dee River, SC","great pee dee river, sc","great pee dee river, sc",SchallesJ_US_Creighton,United States of America (the),1,33.3534833333333,-79.2720666666667,"wb2:great pee dee river, sc","wb5:great pee dee river, sc","raw:Great Pee Dee River, SC",cg:BindingC_CA_ECCC,
Green Lake,green lake,green lake,GrebSR_US_WDNR,United States of America (the),6,43.80972,-89.00619666666667,wb2:green lake,wb5:green lake,raw:Green Lake,cg:BindingC_CA_ECCC,
Grevelingen,grevelingen,grevelingen,WernandMR_NL_NIOZ_LK,Netherlands (the),1,51.777033,3.86735,wb2:grevelingen,wb5:grevelingen,raw:Grevelingen,cg:DekkerAG_NL_VU,
Guadalcacín,guadalcacin,guadalcacin,Ruiz-VerduA_ES_UVEG-CEDEX,Spain,2,36.65919411431925,-5.729477501855165,wb2:guadalcacin,wb5:guadalcacin,raw:Guadalcacín,cg:Ruiz-VerduA_ES_UVEG-CEDEX,name normalised
Guadalén,guadalen,guadalen,Ruiz-VerduA_ES_UVEG-CEDEX,Spain,1,38.1664172697193,-3.47698562473121,wb2:guadalen,wb5:guadalen,raw:Guadalén,cg:Ruiz-VerduA_ES_UVEG-CEDEX,name normalised
Guadalteba,guadalteba,guadalteba,Ruiz-VerduA_ES_UVEG-CEDEX,Spain,2,36.9561111111111,-4.83222222222222,wb2:guadalteba,wb5:guadalteba,raw:Guadalteba,cg:Ruiz-VerduA_ES_UVEG-CEDEX,
Guiana,guiana,guiana,JametC_FR_ULCO-LOG,France,254,4.982792360563381,-52.25236573708921,wb2:guiana,wb5:guiana,raw:Guiana,cg:BracherA_DE_AWI,
"Gulf of Mexcio, FL","gulf of mexico, fl","gulf of mexico, fl",SchallesJ_US_Creighton,United States of America (the),4,30.265644861111127,-81.96403645833333,"wb2:gulf of mexico, fl","wb5:charlotte harbor, fl","raw:Gulf of Mexcio, FL",cg:BindingC_CA_ECCC,name normalised
"Gulf of Mexico, FL","gulf of mexico, fl","gulf of mexico, fl",SeaBASS_US_USF,United States of America (the),535,27.057055514018693,-82.70918,"wb2:gulf of mexico, fl","wb5:charlotte harbor, fl","raw:Gulf of Mexico, FL",cg:BindingC_CA_ECCC,
"Tampa Bay, FL","tampa bay, fl","tampa bay, fl",SeaBASS_US_USF,United States of America (the),75,27.8536,-82.597752,"wb2:gulf of mexico, fl","wb5:charlotte harbor, fl","raw:Tampa Bay, FL",cg:BindingC_CA_ECCC,
"Gulf of Mexico, LA","gulf of mexico, la","gulf of mexico, la",SeaBASS_US_NRL,United States of America (the),46,29.207182608695653,-90.56429745652173,"wb2:gulf of mexico, la","wb5:apalachicola bay, fl","raw:Gulf of Mexico, LA",cg:BindingC_CA_ECCC,"manual merge (pipeline review of candidates): same sea (Louisiana shelf), closest samples 2.4 km"
Northern Gulf of Mexico,northern gulf of mexico,northern gulf of mexico,FichotCG_US_BU_NGOM,United States of America (the),65,28.762233846153848,-91.5564276923077,"wb2:gulf of mexico, la","wb5:apalachicola bay, fl",raw:Northern Gulf of Mexico,cg:BindingC_CA_ECCC,"manual merge (pipeline review of candidates): same sea (Louisiana shelf), closest samples 2.4 km"
Gulf of Tonkin,gulf of tonkin,gulf of tonkin,JametC_FR_ULCO-LOG,Viet Nam,104,20.75897402884615,106.96552898076924,wb2:gulf of tonkin,wb5:gulf of tonkin,raw:Gulf of Tonkin,cg:BracherA_DE_AWI,
"Ha Long Bay, Quang Ninh Province","ha long bay, quang ninh province","ha long bay, quang ninh province",NguyenTTH_VN_VNU-HUS,Viet Nam,20,20.909122392251252,107.09359998402161,wb2:gulf of tonkin,wb5:gulf of tonkin,"raw:Ha Long Bay, Quang Ninh Province",cg:BracherA_DE_AWI,
Hardangerfjorden,hardangerfjorden,hardangerfjorden,KristoffersenA_NO_UiB,Norway,5,59.935238000000005,5.71184,wb2:hardangerfjorden,wb5:hardangerfjorden,raw:Hardangerfjorden,cg:KristoffersenA_NO_UiB,
Haringvliet,haringvliet,haringvliet,WernandMR_NL_NIOZ_LK,Netherlands (the),1,51.822017,4.039617,wb2:haringvliet,wb5:haringvliet,raw:Haringvliet,cg:DekkerAG_NL_VU,
Hartbeespoort,hartbeespoort,hartbeespoort,KravitzJ_ZA_UCT,South Africa,1,-25.755,27.836,wb2:hartbeespoort,wb5:hartbeespoort,raw:Hartbeespoort,cg:KravitzJ_ZA_UCT,
Hartbeespoort,hartbeespoort,hartbeespoort,MatthewsM_ZA_UCT,South Africa,15,-25.751306666666668,27.850573333333333,wb2:hartbeespoort,wb5:hartbeespoort,raw:Hartbeespoort,cg:KravitzJ_ZA_UCT,
Hauroko,hauroko,hauroko,LehmannMK_NZ_UOW_NZ_LK,New Zealand,1,-45.996582,167.329983,wb2:hauroko,wb5:hauroko,raw:Hauroko,cg:LehmannMK_NZ_UOW_NZ_LK,
Hawke Bay,hawke bay,hawke bay,LehmannMK_NZ_UOW_NZ_CST,New Zealand,65,-39.29660875868581,177.16284742528345,wb2:hawke bay,wb5:hawke bay,raw:Hawke Bay,cg:LehmannMK_NZ_UOW_NZ_CST,
Hibara,hibara,hibara,MatsushitaB_JP_Tsukuba,Japan,4,37.689881944999996,140.0544097,wb2:hibara,wb5:hibara,raw:Hibara,cg:MaR_CN_NIGLAS,
High Rock Lake,high rock lake,high rock lake,DiVittorioC_US_WFU,United States of America (the),105,35.65109780952381,-80.29974009523809,wb2:high rock lake,wb5:high rock lake,raw:High Rock Lake,cg:DiVittorioC_US_WFU,
Hilversums Kanaal,hilversums kanaal,hilversums kanaal,DekkerAG_NL_VU,Netherlands (the),1,52.23297,5.06738,wb2:hilversums kanaal,wb5:amsterdam-rhine canal,raw:Hilversums Kanaal,cg:DekkerAG_NL_VU,
Lake Loosdrecht,lake loosdrecht,lake loosdrecht,SimisSGH_NL_NIOO-KNAW,Netherlands (the),14,52.201078,5.064451,wb2:hilversums kanaal,wb5:amsterdam-rhine canal,raw:Lake Loosdrecht,cg:DekkerAG_NL_VU,
Loenderveensche Plas,loenderveensche plas,loenderveensche plas,DekkerAG_NL_VU,Netherlands (the),1,52.20096,5.05959,wb2:hilversums kanaal,wb5:amsterdam-rhine canal,raw:Loenderveensche Plas,cg:DekkerAG_NL_VU,
Loenderveense Plas West,loenderveense plas,loenderveense plas,DekkerAG_NL_VU,Netherlands (the),1,52.21624,5.06175,wb2:hilversums kanaal,wb5:amsterdam-rhine canal,raw:Loenderveense Plas West,cg:DekkerAG_NL_VU,name normalised
Loenderveense Plas oost,loenderveense plas,loenderveense plas,DekkerAG_NL_VU,Netherlands (the),2,52.20096,5.05959,wb2:hilversums kanaal,wb5:amsterdam-rhine canal,raw:Loenderveense Plas oost,cg:DekkerAG_NL_VU,name normalised
Vecht (Breukelen/Nieuwersluis),vecht (breukelen/nieuwersluis),vecht (breukelen/nieuwersluis),DekkerAG_NL_VU,Netherlands (the),1,52.20593,5.02154,wb2:hilversums kanaal,wb5:amsterdam-rhine canal,raw:Vecht (Breukelen/Nieuwersluis),cg:DekkerAG_NL_VU,
Vecht (Loenen),vecht (loenen),vecht (loenen),DekkerAG_NL_VU,Netherlands (the),1,52.2022,5.0206,wb2:hilversums kanaal,wb5:amsterdam-rhine canal,raw:Vecht (Loenen),cg:DekkerAG_NL_VU,
Vuntus,vuntus,vuntus,DekkerAG_NL_VU,Netherlands (the),1,52.21044,5.07541,wb2:hilversums kanaal,wb5:amsterdam-rhine canal,raw:Vuntus,cg:DekkerAG_NL_VU,
Vuntus jachthaven,vuntus jachthaven,vuntus jachthaven,WernandMR_NL_NIOZ_LK,Netherlands (the),1,52.21185,5.067967,wb2:hilversums kanaal,wb5:amsterdam-rhine canal,raw:Vuntus jachthaven,cg:DekkerAG_NL_VU,
Waterleidingplas,waterleidingplas,waterleidingplas,DekkerAG_NL_VU,Netherlands (the),2,52.21258,5.043285,wb2:hilversums kanaal,wb5:amsterdam-rhine canal,raw:Waterleidingplas,cg:DekkerAG_NL_VU,
Wijde Blik,wijde blik,wijde blik,DekkerAG_NL_VU,Netherlands (the),3,52.22808333333333,5.05834,wb2:hilversums kanaal,wb5:amsterdam-rhine canal,raw:Wijde Blik,cg:DekkerAG_NL_VU,
Wijde Gat,wijde gat,wijde gat,DekkerAG_NL_VU,Netherlands (the),1,52.23385,5.07971,wb2:hilversums kanaal,wb5:amsterdam-rhine canal,raw:Wijde Gat,cg:DekkerAG_NL_VU,
Hou Lake,hou lake,hou lake,YueL_CN_CUG,China,24,30.731096108333332,114.28722807083334,wb2:hou lake,wb5:hou lake,raw:Hou Lake,cg:YueL_CN_CUG,
Ibitinga Reservoir,ibitinga reservoir,ibitinga reservoir,BarbosaCCF_BR_LabISA-INPE,Brazil,28,-21.835811607125,-48.94881458335,wb2:ibitinga reservoir,wb5:ibitinga reservoir,raw:Ibitinga Reservoir,cg:BarbosaCCF_BR_LabISA-INPE,
Ijmeer Durgerdam,ijmeer durgerdam,ijmeer durgerdam,WernandMR_NL_NIOZ_LK,Netherlands (the),1,52.377367,4.9906,wb2:ijmeer durgerdam,wb5:ijmeer durgerdam,raw:Ijmeer Durgerdam,cg:DekkerAG_NL_VU,"manual merge (pipeline review of candidates): IJmeer is the south-western part of Markermeer, 9.9 km"
Markermeer De hemmelanden,markermeer de hemmelanden,markermeer de hemmelanden,WernandMR_NL_NIOZ_LK,Netherlands (the),1,52.460133,5.045567,wb2:ijmeer durgerdam,wb5:ijmeer durgerdam,raw:Markermeer De hemmelanden,cg:DekkerAG_NL_VU,"manual merge (pipeline review of candidates): IJmeer is the south-western part of Markermeer, 9.9 km"
IJsselmeer,ijsselmeer,ijsselmeer,SimisSGH_NL_NIOO-KNAW,Netherlands (the),268,52.76374751243781,5.438309235074627,wb2:ijsselmeer,wb5:ijsselmeer,raw:IJsselmeer,cg:DekkerAG_NL_VU,manual merge (AUDIT_1 L2): same lake; station 24.9 km from main samples
Ijsselmeer De Oude Zeug,ijsselmeer de oude zeug,ijsselmeer de oude zeug,WernandMR_NL_NIOZ_LK,Netherlands (the),1,52.8591,5.10345,wb2:ijsselmeer,wb5:ijsselmeer,raw:Ijsselmeer De Oude Zeug,cg:DekkerAG_NL_VU,manual merge (AUDIT_1 L2): same lake; station 24.9 km from main samples
"Intracoastal Waterway, TX","intracoastal waterway, tx","intracoastal waterway, tx",SchallesJ_US_Creighton,United States of America (the),2,28.14943055555555,-96.89550972222224,"wb2:intracoastal waterway, tx","wb5:intracoastal waterway, tx","raw:Intracoastal Waterway, TX",cg:BindingC_CA_ECCC,
Iseo,iseo,iseo,GiardinoC_IT_CNR-IREA,Italy,17,45.699269555555546,10.039529588235295,wb2:iseo,wb5:iseo,raw:Iseo,cg:GiardinoC_IT_CNR-IREA,
Itaipu,itaipu,itaipu,BarbosaCCF_BR_LabISA-INPE,Brazil,113,-24.67714265444425,-54.23542650798584,wb2:itaipu,wb5:itaipu,raw:Itaipu,cg:BarbosaCCF_BR_LabISA-INPE,
Iznájar,iznajar,iznajar,Ruiz-VerduA_ES_UVEG-CEDEX,Spain,14,37.277321428571426,-4.351349206349207,wb2:iznajar,wb5:iznajar,raw:Iznájar,cg:Ruiz-VerduA_ES_UVEG-CEDEX,name normalised
"James River, VA","james river, va","james river, va",SchallesJ_US_Creighton,United States of America (the),8,36.99102129166668,-76.45084593750002,"wb2:james river, va","wb5:atlantic ocean, va","raw:James River, VA",cg:BindingC_CA_ECCC,
Jándula,jandula,jandula,Ruiz-VerduA_ES_UVEG-CEDEX,Spain,2,38.242797019860305,-3.95214094157871,wb2:jandula,wb5:jandula,raw:Jándula,cg:Ruiz-VerduA_ES_UVEG-CEDEX,name normalised
Kelbra Reservoir,kelbra reservoir,kelbra reservoir,OppeltN_DE_CAU_Kiel,Germany,1,51.25878,11.00329,wb2:kelbra reservoir,wb5:kelbra reservoir,raw:Kelbra Reservoir,cg:OppeltN_DE_CAU_Kiel,
"Knitting Mill Creek, VA","knitting mill creek, va","knitting mill creek, va",SchallesJ_US_Creighton,United States of America (the),1,36.8858285,-76.2939393333333,"wb2:knitting mill creek, va","wb5:elizabeth river, va","raw:Knitting Mill Creek, VA",cg:BindingC_CA_ECCC,
"Lafayette River, VA","lafayette river, va","lafayette river, va",SchallesJ_US_Creighton,United States of America (the),4,36.90196141666667,-76.30043416666665,"wb2:knitting mill creek, va","wb5:elizabeth river, va","raw:Lafayette River, VA",cg:BindingC_CA_ECCC,
La Serena,la serena,la serena,Ruiz-VerduA_ES_UVEG-CEDEX,Spain,4,38.89770833333333,-5.18513888888889,wb2:la serena,wb5:la serena,raw:La Serena,cg:Ruiz-VerduA_ES_UVEG-CEDEX,
Lac Courte Oreilles,lac courte oreilles,lac courte oreilles,GrebSR_US_WDNR,United States of America (the),3,45.89299333333333,-91.43374999999999,wb2:lac courte oreilles,wb5:lac courte oreilles,raw:Lac Courte Oreilles,cg:BindingC_CA_ECCC,
Lac Vieux Desert,lac vieux desert,lac vieux desert,GrebSR_US_WDNR,United States of America (the),6,46.12922833333334,-89.11592166666667,wb2:lac vieux desert,wb5:lac vieux desert,raw:Lac Vieux Desert,cg:BindingC_CA_ECCC,
Lago Rincon del Bonete,lago rincon del bonete,lago rincon del bonete,FernandezV_UY_MAUY,Uruguay,11,-32.73902681818182,-56.38166736363637,wb2:lago rincon del bonete,wb5:lago rincon del bonete,raw:Lago Rincon del Bonete,cg:FernandezV_UY_MAUY,
Lake Ahijarv,lake ahijarv,lake ahijarv,AlikasK_EE_UT-TO,Estonia,2,57.712785,26.501269999999998,wb2:lake ahijarv,wb5:lake ahijarv,raw:Lake Ahijarv,cg:AlikasK_EE_UT-TO,
Lake Arapuni,lake arapuni,lake arapuni,LehmannMK_NZ_UOW_NZ_LK,New Zealand,2,-38.122825,175.62751500000002,wb2:lake arapuni,wb5:lake arapuni,raw:Lake Arapuni,cg:LehmannMK_NZ_UOW_NZ_LK,
Lake Areare,lake areare,lake areare,LehmannMK_NZ_UOW_NZ_LK,New Zealand,3,-37.668026,175.20102233333333,wb2:lake areare,wb5:lake areare,raw:Lake Areare,cg:LehmannMK_NZ_UOW_NZ_LK,
Lake Aviemore,lake aviemore,lake aviemore,LehmannMK_NZ_UOW_NZ_LK,New Zealand,1,-44.62052,170.304774,wb2:lake aviemore,wb5:lake aviemore,raw:Lake Aviemore,cg:LehmannMK_NZ_UOW_NZ_LK,
Lake B,lake b,lake b,LehmannMK_NZ_UOW_NZ_LK,New Zealand,1,-37.679104,175.247701,wb2:lake b,wb5:lake areare,raw:Lake B,cg:LehmannMK_NZ_UOW_NZ_LK,
Lake D (Kainui),lake d (kainui),lake d (kainui),LehmannMK_NZ_UOW_NZ_LK,New Zealand,3,-37.676817,175.23269166666668,wb2:lake b,wb5:lake areare,raw:Lake D (Kainui),cg:LehmannMK_NZ_UOW_NZ_LK,
Lake Benmore,lake benmore,lake benmore,LehmannMK_NZ_UOW_NZ_LK,New Zealand,2,-44.399491,170.22421500000002,wb2:lake benmore,wb5:lake benmore,raw:Lake Benmore,cg:LehmannMK_NZ_UOW_NZ_LK,
Lake Biel,lake biel,lake biel,SpyrakosE_GB_STIR,Switzerland,4,47.095416665,7.19560833325,wb2:lake biel,wb5:lake biel,raw:Lake Biel,cg:AlikasK_EE_UT-TO,
Lake Bonney,lake bonney,lake bonney,AnsteeJ_AU_CSIRO,Australia,6,-34.220874116666664,140.44600613333333,wb2:lake bonney,wb5:lake bonney,raw:Lake Bonney,cg:AnsteeJ_AU_CSIRO,
Lake Boruja Mała,lake boruja maa,lake boruja maa,FicekD_PL_APSL,Poland,13,54.08755,17.42328,wb2:lake boruja maa,wb5:lake boruja maa,raw:Lake Boruja Mała,cg:FicekD_PL_APSL,name normalised
Lake Brunner,lake brunner,lake brunner,LehmannMK_NZ_UOW_NZ_LK,New Zealand,4,-42.619268500000004,171.462377,wb2:lake brunner,wb5:lake brunner,raw:Lake Brunner,cg:LehmannMK_NZ_UOW_NZ_LK,
Lake Burley Griffin,lake burley griffin,lake burley griffin,AnsteeJ_AU_CSIRO,Australia,2,-35.2922503,149.09976354999998,wb2:lake burley griffin,wb5:lake burley griffin,raw:Lake Burley Griffin,cg:AnsteeJ_AU_CSIRO,
Lake Champlain,lake champlain,lake champlain,O'DonnellDM_US_UFI,Canada,1,45.02766667,-73.12975,wb2:lake champlain,wb5:lake champlain,raw:Lake Champlain,cg:BindingC_CA_ECCC,
Lake Champlain,lake champlain,lake champlain,O'DonnellDM_US_UFI,United States of America (the),8,44.510185416249996,-73.33901458375,wb2:lake champlain,wb5:lake champlain,raw:Lake Champlain,cg:BindingC_CA_ECCC,
Lake Chetac,lake chetac,lake chetac,GrebSR_US_WDNR,United States of America (the),3,45.7134,-91.49668000000001,wb2:lake chetac,wb5:lake chetac,raw:Lake Chetac,cg:BindingC_CA_ECCC,
Lake Chippewa,lake chippewa,lake chippewa,GrebSR_US_WDNR,United States of America (the),6,45.94202333333334,-91.18400333333334,wb2:lake chippewa,wb5:lake chippewa,raw:Lake Chippewa,cg:BindingC_CA_ECCC,
Lake Chotkowskie,lake chotkowskie,lake chotkowskie,FicekD_PL_APSL,Poland,22,54.15146,17.35654,wb2:lake chotkowskie,wb5:lake chotkowskie,raw:Lake Chotkowskie,cg:FicekD_PL_APSL,
Lake Constance,lake constance,lake constance,GegeP_DE_DLR-IMF,Germany,86,47.59274604651163,9.477077790697674,wb2:lake constance,wb5:lake constance,raw:Lake Constance,cg:GegeP_DE_DLR-IMF,
Lake Czarne,lake czarne,lake czarne,FicekD_PL_APSL,Poland,11,54.27597,17.43861,wb2:lake czarne,wb5:lake czarne,raw:Lake Czarne,cg:FicekD_PL_APSL,
Lake Dartmouth,lake dartmouth,lake dartmouth,AnsteeJ_AU_CSIRO,Australia,4,-36.575992425,147.5632913,wb2:lake dartmouth,wb5:lake dartmouth,raw:Lake Dartmouth,cg:AnsteeJ_AU_CSIRO,
Lake Łebsko,lake ebsko,lake ebsko,FicekD_PL_APSL,Poland,32,54.7226925,17.424845,wb2:lake ebsko,wb5:lake ebsko,raw:Lake Łebsko,cg:FicekD_PL_APSL,name normalised
Lake Elistvere,lake elistvere,lake elistvere,AlikasK_EE_UT-TO,Estonia,2,58.5742,26.704880000000003,wb2:lake elistvere,wb5:lake elistvere,raw:Lake Elistvere,cg:AlikasK_EE_UT-TO,
Lake Kaiavere,lake kaiavere,lake kaiavere,AlikasK_EE_UT-TO,Estonia,2,58.595394999999996,26.69019,wb2:lake elistvere,wb5:lake elistvere,raw:Lake Kaiavere,cg:AlikasK_EE_UT-TO,
Lake Ellesmere (Te Waihora),lake ellesmere (te waihora),lake ellesmere (te waihora),LehmannMK_NZ_UOW_NZ_LK,New Zealand,1,-43.789926,172.450385,wb2:lake ellesmere (te waihora),wb5:lake ellesmere (te waihora),raw:Lake Ellesmere (Te Waihora),cg:LehmannMK_NZ_UOW_NZ_LK,
Lake Erie,lake erie,lake erie,BindingC_CA_ECCC,Canada,49,41.859158730000004,-82.4952052157143,wb2:lake erie,wb5:lake erie,raw:Lake Erie,cg:BindingC_CA_ECCC,
Lake Erie,lake erie,lake erie,MooreT_US_UNH,United States of America (the),36,41.769471296666666,-83.09881111083332,wb2:lake erie,wb5:lake erie,raw:Lake Erie,cg:BindingC_CA_ECCC,
Lake Erie,lake erie,lake erie,O'DonnellDM_US_UFI,Canada,1,41.8412,-82.918,wb2:lake erie,wb5:lake erie,raw:Lake Erie,cg:BindingC_CA_ECCC,
Lake Erie,lake erie,lake erie,O'DonnellDM_US_UFI,United States of America (the),8,41.7021125,-82.814275,wb2:lake erie,wb5:lake erie,raw:Lake Erie,cg:BindingC_CA_ECCC,
Lake Erie,lake erie,lake erie,SeaBASS_US_NRL,United States of America (the),11,41.62279863636363,-82.80664936363637,wb2:lake erie,wb5:lake erie,raw:Lake Erie,cg:BindingC_CA_ECCC,
Lake Erie,lake erie,lake erie,VanderWoudeA_US_NOAA-GLERL,United States of America (the),506,41.74537712950832,-83.25843407456978,wb2:lake erie,wb5:lake erie,raw:Lake Erie,cg:BindingC_CA_ECCC,
Lake Eucumbene,lake eucumbene,lake eucumbene,AnsteeJ_AU_CSIRO,Australia,4,-36.092679000000004,148.728841975,wb2:lake eucumbene,wb5:lake eucumbene,raw:Lake Eucumbene,cg:AnsteeJ_AU_CSIRO,
Lake Forsyth (Lake Wairewa),lake forsyth (lake wairewa),lake forsyth (lake wairewa),LehmannMK_NZ_UOW_NZ_LK,New Zealand,3,-43.802068999999996,172.74587966666664,wb2:lake forsyth (lake wairewa),wb5:lake forsyth (lake wairewa),raw:Lake Forsyth (Lake Wairewa),cg:LehmannMK_NZ_UOW_NZ_LK,
Lake Gardno,lake gardno,lake gardno,FicekD_PL_APSL,Poland,17,54.63876,17.14285,wb2:lake gardno,wb5:lake gardno,raw:Lake Gardno,cg:FicekD_PL_APSL,
Lake Głębokie,lake gebokie,lake gebokie,FicekD_PL_APSL,Poland,11,54.27681,17.37698,wb2:lake gebokie,wb5:lake czarne,raw:Lake Głębokie,cg:FicekD_PL_APSL,name normalised
Lake Geneva,lake geneva,lake geneva,OdermattD_CH_Eawag,Switzerland,290,46.50015,6.66078,wb2:lake geneva,wb5:lake geneva,raw:Lake Geneva,cg:AlikasK_EE_UT-TO,
Lake Geneva,lake geneva,lake geneva,SpyrakosE_GB_STIR,Switzerland,24,46.430483681249996,6.570553125083333,wb2:lake geneva,wb5:lake geneva,raw:Lake Geneva,cg:AlikasK_EE_UT-TO,
Lake Hakanoa,lake hakanoa,lake hakanoa,LehmannMK_NZ_UOW_NZ_LK,New Zealand,2,-37.552893999999995,175.167605,wb2:lake hakanoa,wb5:lake hakanoa,raw:Lake Hakanoa,cg:LehmannMK_NZ_UOW_NZ_LK,
Lake Harihari,lake harihari,lake harihari,LehmannMK_NZ_UOW_NZ_LK,New Zealand,1,-38.210217,174.72305,wb2:lake harihari,wb5:lake harihari,raw:Lake Harihari,cg:LehmannMK_NZ_UOW_NZ_LK,
Lake Haupiri,lake haupiri,lake haupiri,LehmannMK_NZ_UOW_NZ_LK,New Zealand,1,-42.567127,171.693366,wb2:lake haupiri,wb5:lake haupiri,raw:Lake Haupiri,cg:LehmannMK_NZ_UOW_NZ_LK,
Lake Hawea,lake hawea,lake hawea,LehmannMK_NZ_UOW_NZ_LK,New Zealand,2,-44.569904,169.26410800000002,wb2:lake hawea,wb5:lake hawea,raw:Lake Hawea,cg:LehmannMK_NZ_UOW_NZ_LK,
Lake Hawea,lake hawea,lake hawea,WertherM_GB_STIR,New Zealand,2,-44.518155,169.30135,wb2:lake hawea,wb5:lake hawea,raw:Lake Hawea,cg:LehmannMK_NZ_UOW_NZ_LK,
Lake Hayes,lake hayes,lake hayes,LehmannMK_NZ_UOW_NZ_LK,New Zealand,1,-44.982584,168.80687,wb2:lake hayes,wb5:lake hayes,raw:Lake Hayes,cg:LehmannMK_NZ_UOW_NZ_LK,
Lake Hino,lake hino,lake hino,AlikasK_EE_UT-TO,Estonia,1,57.58213,27.2324,wb2:lake hino,wb5:lake hino,raw:Lake Hino,cg:AlikasK_EE_UT-TO,
Lake Holstre,lake holstre,lake holstre,AlikasK_EE_UT-TO,Estonia,1,58.2761,25.69015,wb2:lake holstre,wb5:lake holstre,raw:Lake Holstre,cg:AlikasK_EE_UT-TO,
Lake Hume,lake hume,lake hume,AnsteeJ_AU_CSIRO,Australia,40,-36.1049541725,147.0595742,wb2:lake hume,wb5:lake hume,raw:Lake Hume,cg:AnsteeJ_AU_CSIRO,
Lake Humuhumu,lake humuhumu,lake humuhumu,LehmannMK_NZ_UOW_NZ_LK,New Zealand,1,-36.32818,174.12941,wb2:lake humuhumu,wb5:lake humuhumu,raw:Lake Humuhumu,cg:LehmannMK_NZ_UOW_NZ_LK,
Lake Swan/Rotootuaruru,lake swan/rotootuaruru,lake swan/rotootuaruru,LehmannMK_NZ_UOW_NZ_LK,New Zealand,1,-36.33089,174.14216,wb2:lake humuhumu,wb5:lake humuhumu,raw:Lake Swan/Rotootuaruru,cg:LehmannMK_NZ_UOW_NZ_LK,
Lake Jasień Północny,lake jasien ponocny,lake jasien ponocny,FicekD_PL_APSL,Poland,4,54.30252,17.61468,wb2:lake jasien ponocny,wb5:lake jasien ponocny,raw:Lake Jasień Północny,cg:FicekD_PL_APSL,name normalised
Lake Jasień Południowy,lake jasien poudniowy,lake jasien poudniowy,FicekD_PL_APSL,Poland,23,54.28862869565218,17.617223478260872,wb2:lake jasien ponocny,wb5:lake jasien ponocny,raw:Lake Jasień Południowy,cg:FicekD_PL_APSL,name normalised
Lake Jeleń,lake jelen,lake jelen,FicekD_PL_APSL,Poland,22,54.19786,17.5383,wb2:lake jelen,wb5:lake jelen,raw:Lake Jeleń,cg:FicekD_PL_APSL,name normalised
Lake Jindabyne,lake jindabyne,lake jindabyne,AnsteeJ_AU_CSIRO,Australia,10,-36.36601506,148.62801687,wb2:lake jindabyne,wb5:lake jindabyne,raw:Lake Jindabyne,cg:AnsteeJ_AU_CSIRO,
Lake Joemoisa,lake joemoisa,lake joemoisa,AlikasK_EE_UT-TO,Estonia,1,58.65278,26.8322,wb2:lake joemoisa,wb5:lake joemoisa,raw:Lake Joemoisa,cg:AlikasK_EE_UT-TO,
Lake Kaiu,lake kaiu,lake kaiu,AlikasK_EE_UT-TO,Estonia,2,58.6444665,26.8403865,wb2:lake joemoisa,wb5:lake joemoisa,raw:Lake Kaiu,cg:AlikasK_EE_UT-TO,
Lake Joksi,lake joksi,lake joksi,AlikasK_EE_UT-TO,Estonia,1,58.002147,26.751146,wb2:lake joksi,wb5:lake joksi,raw:Lake Joksi,cg:AlikasK_EE_UT-TO,
Lake Juottaan Tekojarvi,lake juottaan tekojarvi,lake juottaan tekojarvi,AlikasK_EE_UT-TO,Finland,1,66.31871,26.94662,wb2:lake juottaan tekojarvi,wb5:lake juottaan tekojarvi,raw:Lake Juottaan Tekojarvi,cg:AlikasK_EE_UT-TO,
Lake Kaariku,lake kaariku,lake kaariku,AlikasK_EE_UT-TO,Estonia,1,58.00357,26.39602,wb2:lake kaariku,wb5:lake kaariku,raw:Lake Kaariku,cg:AlikasK_EE_UT-TO,
Lake Kahuparere,lake kahuparere,lake kahuparere,LehmannMK_NZ_UOW_NZ_LK,New Zealand,1,-36.36933,174.15728,wb2:lake kahuparere,wb5:lake humuhumu,raw:Lake Kahuparere,cg:LehmannMK_NZ_UOW_NZ_LK,
Lake Kanono,lake kanono,lake kanono,LehmannMK_NZ_UOW_NZ_LK,New Zealand,1,-36.36485,174.14871,wb2:lake kahuparere,wb5:lake humuhumu,raw:Lake Kanono,cg:LehmannMK_NZ_UOW_NZ_LK,
Lake Rotokawau,lake rotokawau,lake rotokawau,LehmannMK_NZ_UOW_NZ_LK,New Zealand,1,-36.35016,174.14637,wb2:lake kahuparere,wb5:lake humuhumu,raw:Lake Rotokawau,cg:LehmannMK_NZ_UOW_NZ_LK,
Lake Kai-iwi,lake kai-iwi,lake kai-iwi,LehmannMK_NZ_UOW_NZ_LK,New Zealand,1,-35.81562,173.65376,wb2:lake kai-iwi,wb5:lake harihari,raw:Lake Kai-iwi,cg:LehmannMK_NZ_UOW_NZ_LK,
Lake Taharoa,lake taharoa,lake taharoa,LehmannMK_NZ_UOW_NZ_LK,New Zealand,3,-37.378358,174.37704,wb2:lake kai-iwi,wb5:lake harihari,raw:Lake Taharoa,cg:LehmannMK_NZ_UOW_NZ_LK,
Lake Waikere,lake waikere,lake waikere,LehmannMK_NZ_UOW_NZ_LK,New Zealand,1,-35.79878,173.62992,wb2:lake kai-iwi,wb5:lake harihari,raw:Lake Waikere,cg:LehmannMK_NZ_UOW_NZ_LK,
Lake Kalli,lake kalli,lake kalli,AlikasK_EE_UT-TO,Estonia,1,58.37779,27.23903,wb2:lake kalli,wb5:lake kalli,raw:Lake Kalli,cg:AlikasK_EE_UT-TO,
Lake Karaka,lake karaka,lake karaka,LehmannMK_NZ_UOW_NZ_LK,New Zealand,1,-36.31382,174.03847,wb2:lake karaka,wb5:lake karaka,raw:Lake Karaka,cg:LehmannMK_NZ_UOW_NZ_LK,
Lake Karapiro,lake karapiro,lake karapiro,LehmannMK_NZ_UOW_NZ_LK,New Zealand,3,-37.93560166666666,175.55191766666667,wb2:lake karapiro,wb5:lake karapiro,raw:Lake Karapiro,cg:LehmannMK_NZ_UOW_NZ_LK,
Lake Kasumigaura,lake kasumigaura,lake kasumigaura,MatsushitaB_JP_Tsukuba,Japan,120,36.05789243075,140.34669645333332,wb2:lake kasumigaura,wb5:lake kasumigaura,raw:Lake Kasumigaura,cg:MaR_CN_NIGLAS,
Lake Kasumigaura,lake kasumigaura,lake kasumigaura,SalemSI_JP_KUAS,Japan,68,36.06734117617647,140.35746544705881,wb2:lake kasumigaura,wb5:lake kasumigaura,raw:Lake Kasumigaura,cg:MaR_CN_NIGLAS,
Lake Kegonsa,lake kegonsa,lake kegonsa,GrebSR_US_WDNR,United States of America (the),9,42.965418888888884,-89.25557666666666,wb2:lake kegonsa,wb5:lake kegonsa,raw:Lake Kegonsa,cg:BindingC_CA_ECCC,
Lake Komiojarvi,lake komiojarvi,lake komiojarvi,AlikasK_EE_UT-TO,Finland,1,66.91257,27.0612,wb2:lake komiojarvi,wb5:lake komiojarvi,raw:Lake Komiojarvi,cg:AlikasK_EE_UT-TO,
Lake Kooraste Linajarv,lake kooraste linajarv,lake kooraste linajarv,AlikasK_EE_UT-TO,Estonia,1,57.96305,26.66403,wb2:lake kooraste linajarv,wb5:lake kooraste linajarv,raw:Lake Kooraste Linajarv,cg:AlikasK_EE_UT-TO,
Lake Koorkula Valgjarv,lake koorkula valgjarv,lake koorkula valgjarv,AlikasK_EE_UT-TO,Estonia,2,57.900135,25.871944,wb2:lake koorkula valgjarv,wb5:lake koorkula valgjarv,raw:Lake Koorkula Valgjarv,cg:AlikasK_EE_UT-TO,
Lake Udsu,lake udsu,lake udsu,AlikasK_EE_UT-TO,Estonia,1,57.9057,25.86087,wb2:lake koorkula valgjarv,wb5:lake koorkula valgjarv,raw:Lake Udsu,cg:AlikasK_EE_UT-TO,
Lake Koosa,lake koosa,lake koosa,AlikasK_EE_UT-TO,Estonia,1,58.43445,27.15546,wb2:lake koosa,wb5:lake kalli,raw:Lake Koosa,cg:AlikasK_EE_UT-TO,
Lake Koshkonong,lake koshkonong,lake koshkonong,GrebSR_US_WDNR,United States of America (the),3,42.86927333333333,-88.97493666666666,wb2:lake koshkonong,wb5:lake koshkonong,raw:Lake Koshkonong,cg:BindingC_CA_ECCC,
Lake Kummerow,lake kummerow,lake kummerow,OppeltN_DE_CAU_Kiel,Germany,27,53.83419037037037,12.889705555555555,wb2:lake kummerow,wb5:lake kummerow,raw:Lake Kummerow,cg:OppeltN_DE_CAU_Kiel,
Lake Kuremaa,lake kuremaa,lake kuremaa,AlikasK_EE_UT-TO,Estonia,1,58.71246,26.56154,wb2:lake kuremaa,wb5:lake kuremaa,raw:Lake Kuremaa,cg:AlikasK_EE_UT-TO,
Lake Loch Katrine,lake loch katrine,lake loch katrine,LehmannMK_NZ_UOW_NZ_LK,New Zealand,1,-42.718525,172.199964,wb2:lake loch katrine,wb5:lake loch katrine,raw:Lake Loch Katrine,cg:LehmannMK_NZ_UOW_NZ_LK,
Lake Lucerne,lake lucerne,lake lucerne,WertherM_GB_STIR,Switzerland,4,46.9916225,8.436045,wb2:lake lucerne,wb5:lake lucerne,raw:Lake Lucerne,cg:LehmannMK_NZ_UOW_NZ_LK,
Lake Manapouri,lake manapouri,lake manapouri,LehmannMK_NZ_UOW_NZ_LK,New Zealand,3,-45.51279466666667,167.54881,wb2:lake manapouri,wb5:lake manapouri,raw:Lake Manapouri,cg:LehmannMK_NZ_UOW_NZ_LK,
"Lake Manawa, IA","lake manawa, ia","lake manawa, ia",SchallesJ_US_Creighton,United States of America (the),10,41.205220000000004,-95.85362333333336,"wb2:lake manawa, ia","wb5:carter lake, ne","raw:Lake Manawa, IA",cg:BindingC_CA_ECCC,
Lake Maraetai,lake maraetai,lake maraetai,LehmannMK_NZ_UOW_NZ_LK,New Zealand,2,-38.364391499999996,175.78629999999998,wb2:lake maraetai,wb5:lake maraetai,raw:Lake Maraetai,cg:LehmannMK_NZ_UOW_NZ_LK,
Lake Maratoto,lake maratoto,lake maratoto,LehmannMK_NZ_UOW_NZ_LK,New Zealand,1,-37.887558,175.304366,wb2:lake maratoto,wb5:lake maratoto,raw:Lake Maratoto,cg:LehmannMK_NZ_UOW_NZ_LK,
Lake Mendota,lake mendota,lake mendota,GrebSR_US_WDNR,United States of America (the),12,43.10479083333333,-89.42601333333334,wb2:lake mendota,wb5:lake mendota,raw:Lake Mendota,cg:BindingC_CA_ECCC,
Lake Michigan,lake michigan,lake michigan,GrebSR_US_WDNR,United States of America (the),15,44.61070266666666,-87.705758,wb2:lake michigan,wb5:lake michigan,raw:Lake Michigan,cg:BindingC_CA_ECCC,
Lake Michigan,lake michigan,lake michigan,O'DonnellDM_US_UFI,United States of America (the),27,44.85966488888889,-87.37377588888889,wb2:lake michigan,wb5:lake michigan,raw:Lake Michigan,cg:BindingC_CA_ECCC,
Lake Mokeno,lake mokeno,lake mokeno,LehmannMK_NZ_UOW_NZ_LK,New Zealand,1,-36.35158,174.06065,wb2:lake mokeno,wb5:lake karaka,raw:Lake Mokeno,cg:LehmannMK_NZ_UOW_NZ_LK,
Lake Monona,lake monona,lake monona,GrebSR_US_WDNR,United States of America (the),12,43.06937833333333,-89.35952833333333,wb2:lake monona,wb5:lake mendota,raw:Lake Monona,cg:BindingC_CA_ECCC,
Lake Murati,lake murati,lake murati,AlikasK_EE_UT-TO,Estonia,1,57.58591,27.09136,wb2:lake murati,wb5:lake murati,raw:Lake Murati,cg:AlikasK_EE_UT-TO,
Lake Niezabyszewskie,lake niezabyszewskie,lake niezabyszewskie,FicekD_PL_APSL,Poland,5,54.127300000000005,17.42972,wb2:lake niezabyszewskie,wb5:lake boruja maa,raw:Lake Niezabyszewskie,cg:FicekD_PL_APSL,
Lake Nohipalu Valgjarv,lake nohipalu valgjarv,lake nohipalu valgjarv,AlikasK_EE_UT-TO,Estonia,2,57.942165,27.34703,wb2:lake nohipalu valgjarv,wb5:lake nohipalu valgjarv,raw:Lake Nohipalu Valgjarv,cg:AlikasK_EE_UT-TO,
Lake Nouni,lake nouni,lake nouni,AlikasK_EE_UT-TO,Estonia,2,58.129392499999994,26.515783,wb2:lake nouni,wb5:lake nouni,raw:Lake Nouni,cg:AlikasK_EE_UT-TO,
Lake Obłęże,lake obeze,lake obeze,FicekD_PL_APSL,Poland,21,54.24037,16.91996,wb2:lake obeze,wb5:lake obeze,raw:Lake Obłęże,cg:FicekD_PL_APSL,name normalised
Lake Ohakuri,lake ohakuri,lake ohakuri,LehmannMK_NZ_UOW_NZ_LK,New Zealand,2,-38.417044,176.11597,wb2:lake ohakuri,wb5:lake ohakuri,raw:Lake Ohakuri,cg:LehmannMK_NZ_UOW_NZ_LK,
Lake Ohau,lake ohau,lake ohau,LehmannMK_NZ_UOW_NZ_LK,New Zealand,3,-44.25293966666666,169.89410666666666,wb2:lake ohau,wb5:lake ohau,raw:Lake Ohau,cg:LehmannMK_NZ_UOW_NZ_LK,
Lake Okareka,lake okareka,lake okareka,LehmannMK_NZ_UOW_NZ_LK,New Zealand,2,-38.170975,176.36335000000003,wb2:lake okareka,wb5:lake okareka,raw:Lake Okareka,cg:LehmannMK_NZ_UOW_NZ_LK,
Lake Okaro,lake okaro,lake okaro,LehmannMK_NZ_UOW_NZ_LK,New Zealand,2,-38.299815,176.394962,wb2:lake okaro,wb5:lake okaro,raw:Lake Okaro,cg:LehmannMK_NZ_UOW_NZ_LK,
Lake Okataina,lake okataina,lake okataina,LehmannMK_NZ_UOW_NZ_LK,New Zealand,2,-38.1213835,176.416575,wb2:lake okataina,wb5:lake okataina,raw:Lake Okataina,cg:LehmannMK_NZ_UOW_NZ_LK,
"Lake Okeechobee, FL","lake okeechobee, fl","lake okeechobee, fl",SeaBASS_US_USF,United States of America (the),13,27.147852846153846,-80.79436561538462,"wb2:lake okeechobee, fl","wb5:lake okeechobee, fl","raw:Lake Okeechobee, FL",cg:BindingC_CA_ECCC,
Lake Otepaa Valgjarv,lake otepaa valgjarv,lake otepaa valgjarv,AlikasK_EE_UT-TO,Estonia,2,58.087990000000005,26.64266,wb2:lake otepaa valgjarv,wb5:lake otepaa valgjarv,raw:Lake Otepaa Valgjarv,cg:AlikasK_EE_UT-TO,
Lake Ototoa,lake ototoa,lake ototoa,LehmannMK_NZ_UOW_NZ_LK,New Zealand,1,-36.512797,174.23683,wb2:lake ototoa,wb5:lake ototoa,raw:Lake Ototoa,cg:LehmannMK_NZ_UOW_NZ_LK,
Lake Pamamaroo,lake pamamaroo,lake pamamaroo,AnsteeJ_AU_CSIRO,Australia,7,-32.28722681428572,142.4637791142857,wb2:lake pamamaroo,wb5:lake pamamaroo,raw:Lake Pamamaroo,cg:AnsteeJ_AU_CSIRO,
Lake Pangodi,lake pangodi,lake pangodi,AlikasK_EE_UT-TO,Estonia,3,58.19700633333334,26.57262133333333,wb2:lake pangodi,wb5:lake pangodi,raw:Lake Pangodi,cg:AlikasK_EE_UT-TO,
Lake Pearson,lake pearson,lake pearson,LehmannMK_NZ_UOW_NZ_LK,New Zealand,1,-43.09599,171.784415,wb2:lake pearson,wb5:lake pearson,raw:Lake Pearson,cg:LehmannMK_NZ_UOW_NZ_LK,
Lake Peipsi,lake peipsi,lake peipsi,AlikasK_EE_UT-TO,Estonia,74,58.47497689189189,27.371658166666666,wb2:lake peipsi,wb5:lake kalli,raw:Lake Peipsi,cg:AlikasK_EE_UT-TO,
"Lake Perry, OK","lake perry, ok","lake perry, ok",SchallesJ_US_Creighton,United States of America (the),2,36.246852777777804,-97.3390861111111,"wb2:lake perry, ok","wb5:lake perry, ok","raw:Lake Perry, OK",cg:BindingC_CA_ECCC,
Lake Pounui,lake pounui,lake pounui,LehmannMK_NZ_UOW_NZ_LK,New Zealand,1,-41.344533,175.11503,wb2:lake pounui,wb5:lake pounui,raw:Lake Pounui,cg:LehmannMK_NZ_UOW_NZ_LK,
Lake Poygan,lake poygan,lake poygan,GrebSR_US_WDNR,United States of America (the),11,44.14250909090909,-88.84595818181818,wb2:lake poygan,wb5:lake poygan,raw:Lake Poygan,cg:BindingC_CA_ECCC,
Lake Puhajarv,lake puhajarv,lake puhajarv,AlikasK_EE_UT-TO,Estonia,2,58.040471999999994,26.465339,wb2:lake puhajarv,wb5:lake puhajarv,raw:Lake Puhajarv,cg:AlikasK_EE_UT-TO,
Lake Pukaki,lake pukaki,lake pukaki,LehmannMK_NZ_UOW_NZ_LK,New Zealand,1,-44.050678,170.166538,wb2:lake pukaki,wb5:lake pukaki,raw:Lake Pukaki,cg:LehmannMK_NZ_UOW_NZ_LK,
Lake Pupuke,lake pupuke,lake pupuke,LehmannMK_NZ_UOW_NZ_LK,New Zealand,1,-36.77944,174.766746,wb2:lake pupuke,wb5:lake pupuke,raw:Lake Pupuke,cg:LehmannMK_NZ_UOW_NZ_LK,
Lake Pyszne,lake pyszne,lake pyszne,FicekD_PL_APSL,Poland,14,54.09317,17.50844,wb2:lake pyszne,wb5:lake pyszne,raw:Lake Pyszne,cg:FicekD_PL_APSL,
Lake Raigastvere,lake raigastvere,lake raigastvere,AlikasK_EE_UT-TO,Estonia,3,58.59188333333333,26.650613333333336,wb2:lake raigastvere,wb5:lake elistvere,raw:Lake Raigastvere,cg:AlikasK_EE_UT-TO,
Lake Rerewhakaaitu,lake rerewhakaaitu,lake rerewhakaaitu,LehmannMK_NZ_UOW_NZ_LK,New Zealand,1,-38.297389,176.496635,wb2:lake rerewhakaaitu,wb5:lake rerewhakaaitu,raw:Lake Rerewhakaaitu,cg:LehmannMK_NZ_UOW_NZ_LK,
Lake Rotoehu,lake rotoehu,lake rotoehu,LehmannMK_NZ_UOW_NZ_LK,New Zealand,20,-38.0190769,176.53112955,wb2:lake rotoehu,wb5:lake rotoehu,raw:Lake Rotoehu,cg:LehmannMK_NZ_UOW_NZ_LK,
Lake Rotoiti,lake rotoiti,lake rotoiti,LehmannMK_NZ_UOW_NZ_LK,New Zealand,20,-38.033302049999996,176.41172195,wb2:lake rotoiti,wb5:lake rotoiti,raw:Lake Rotoiti,cg:LehmannMK_NZ_UOW_NZ_LK,
Lake Rotoiti (Nelson Lake),lake rotoiti (nelson lake),lake rotoiti (nelson lake),LehmannMK_NZ_UOW_NZ_LK,New Zealand,2,-41.8332215,172.8363335,wb2:lake rotoiti (nelson lake),wb5:lake rotoiti (nelson lake),raw:Lake Rotoiti (Nelson Lake),cg:LehmannMK_NZ_UOW_NZ_LK,
Lake Rotokakahi,lake rotokakahi,lake rotokakahi,LehmannMK_NZ_UOW_NZ_LK,New Zealand,2,-38.213674999999995,176.32666,wb2:lake rotokakahi,wb5:lake okareka,raw:Lake Rotokakahi,cg:LehmannMK_NZ_UOW_NZ_LK,
Lake Tikitapu,lake tikitapu,lake tikitapu,LehmannMK_NZ_UOW_NZ_LK,New Zealand,1,-38.197833,176.33512,wb2:lake rotokakahi,wb5:lake okareka,raw:Lake Tikitapu,cg:LehmannMK_NZ_UOW_NZ_LK,
Lake Rotokare,lake rotokare,lake rotokare,LehmannMK_NZ_UOW_NZ_LK,New Zealand,1,-39.452792,174.410417,wb2:lake rotokare,wb5:lake rotokare,raw:Lake Rotokare,cg:LehmannMK_NZ_UOW_NZ_LK,
Lake Rotokauri,lake rotokauri,lake rotokauri,LehmannMK_NZ_UOW_NZ_LK,New Zealand,2,-37.761157999999995,175.197375,wb2:lake rotokauri,wb5:lake rotokauri,raw:Lake Rotokauri,cg:LehmannMK_NZ_UOW_NZ_LK,
Lake Rotoma,lake rotoma,lake rotoma,LehmannMK_NZ_UOW_NZ_LK,New Zealand,17,-38.041686588235294,176.5860534117647,wb2:lake rotoma,wb5:lake rotoehu,raw:Lake Rotoma,cg:LehmannMK_NZ_UOW_NZ_LK,
Lake Rotomanuka,lake rotomanuka,lake rotomanuka,LehmannMK_NZ_UOW_NZ_LK,New Zealand,1,-37.925977,175.31518,wb2:lake rotomanuka,wb5:lake maratoto,raw:Lake Rotomanuka,cg:LehmannMK_NZ_UOW_NZ_LK,
Serpentine North,serpentine,serpentine,LehmannMK_NZ_UOW_NZ_LK,New Zealand,1,-37.942198,175.319025,wb2:lake rotomanuka,wb5:lake maratoto,raw:Serpentine North,cg:LehmannMK_NZ_UOW_NZ_LK,name normalised
Lake Rotongaio,lake rotongaio,lake rotongaio,LehmannMK_NZ_UOW_NZ_LK,New Zealand,1,-38.943898,177.01181,wb2:lake rotongaio,wb5:lake rotongaio,raw:Lake Rotongaio,cg:LehmannMK_NZ_UOW_NZ_LK,
Lake Rotonuiaha,lake rotonuiaha,lake rotonuiaha,LehmannMK_NZ_UOW_NZ_LK,New Zealand,1,-38.947922,177.03921,wb2:lake rotongaio,wb5:lake rotongaio,raw:Lake Rotonuiaha,cg:LehmannMK_NZ_UOW_NZ_LK,
Lake Rotoroa,lake rotoroa,lake rotoroa,LehmannMK_NZ_UOW_NZ_LK,New Zealand,1,-38.948028,177.02758,wb2:lake rotongaio,wb5:lake rotongaio,raw:Lake Rotoroa,cg:LehmannMK_NZ_UOW_NZ_LK,
Lake Rotoroa (Hamilton),lake rotoroa (hamilton),lake rotoroa (hamilton),LehmannMK_NZ_UOW_NZ_LK,New Zealand,1,-37.798348,175.273533,wb2:lake rotoroa (hamilton),wb5:lake rotoroa (hamilton),raw:Lake Rotoroa (Hamilton),cg:LehmannMK_NZ_UOW_NZ_LK,
Lake Rotorua,lake rotorua,lake rotorua,LehmannMK_NZ_UOW_NZ_LK,New Zealand,3,-39.523583,175.37437866666664,wb2:lake rotorua,wb5:lake rotorua,raw:Lake Rotorua,cg:LehmannMK_NZ_UOW_NZ_LK,
Lake Rototuna,lake rototuna,lake rototuna,LehmannMK_NZ_UOW_NZ_LK,New Zealand,1,-36.25097,174.04006,wb2:lake rototuna,wb5:lake rototuna,raw:Lake Rototuna,cg:LehmannMK_NZ_UOW_NZ_LK,
Lake Rouge Suurjarv,lake rouge suurjarv,lake rouge suurjarv,AlikasK_EE_UT-TO,Estonia,4,57.72865275,26.9214265,wb2:lake rouge suurjarv,wb5:lake rouge suurjarv,raw:Lake Rouge Suurjarv,cg:AlikasK_EE_UT-TO,
Lake Ruataniwha,lake ruataniwha,lake ruataniwha,LehmannMK_NZ_UOW_NZ_LK,New Zealand,1,-44.280182,170.066213,wb2:lake ruataniwha,wb5:lake ruataniwha,raw:Lake Ruataniwha,cg:LehmannMK_NZ_UOW_NZ_LK,
Lake Ruatuna,lake ruatuna,lake ruatuna,LehmannMK_NZ_UOW_NZ_LK,New Zealand,1,-37.927254,175.29072,wb2:lake ruatuna,wb5:lake maratoto,raw:Lake Ruatuna,cg:LehmannMK_NZ_UOW_NZ_LK,
Lake Ruusmae,lake ruusmae,lake ruusmae,AlikasK_EE_UT-TO,Estonia,2,57.635655,27.08512,wb2:lake ruusmae,wb5:lake ruusmae,raw:Lake Ruusmae,cg:AlikasK_EE_UT-TO,
Lake Rybiec,lake rybiec,lake rybiec,FicekD_PL_APSL,Poland,5,54.29455,17.15594,wb2:lake rybiec,wb5:lake rybiec,raw:Lake Rybiec,cg:FicekD_PL_APSL,
Lake Saadjarv,lake saadjarv,lake saadjarv,AlikasK_EE_UT-TO,Estonia,4,58.53639,26.660345,wb2:lake saadjarv,wb5:lake elistvere,raw:Lake Saadjarv,cg:AlikasK_EE_UT-TO,
Lake Sheppard,lake sheppard,lake sheppard,LehmannMK_NZ_UOW_NZ_LK,New Zealand,1,-42.761886,172.249619,wb2:lake sheppard,wb5:lake sheppard,raw:Lake Sheppard,cg:LehmannMK_NZ_UOW_NZ_LK,
Lake Taylor,lake taylor,lake taylor,LehmannMK_NZ_UOW_NZ_LK,New Zealand,2,-42.771022,172.24170049999998,wb2:lake sheppard,wb5:lake sheppard,raw:Lake Taylor,cg:LehmannMK_NZ_UOW_NZ_LK,
Lake Siika-Kama,lake siika-kama,lake siika-kama,AlikasK_EE_UT-TO,Finland,1,66.22537,26.4839,wb2:lake siika-kama,wb5:lake siika-kama,raw:Lake Siika-Kama,cg:AlikasK_EE_UT-TO,
Lake Soitsjärv,lake soitsjarv,lake soitsjarv,AlikasK_EE_UT-TO,Estonia,1,58.55788,26.68229,wb2:lake soitsjarv,wb5:lake elistvere,raw:Lake Soitsjärv,cg:AlikasK_EE_UT-TO,name normalised
Lake Sumner,lake sumner,lake sumner,LehmannMK_NZ_UOW_NZ_LK,New Zealand,1,-42.698689,172.217759,wb2:lake sumner,wb5:lake loch katrine,raw:Lake Sumner,cg:LehmannMK_NZ_UOW_NZ_LK,
Lake Tamula,lake tamula,lake tamula,AlikasK_EE_UT-TO,Estonia,1,57.844405,26.984806,wb2:lake tamula,wb5:lake tamula,raw:Lake Tamula,cg:AlikasK_EE_UT-TO,
Lake Tarawera,lake tarawera,lake tarawera,LehmannMK_NZ_UOW_NZ_LK,New Zealand,2,-38.2056165,176.427615,wb2:lake tarawera,wb5:lake tarawera,raw:Lake Tarawera,cg:LehmannMK_NZ_UOW_NZ_LK,
Lake Taupo,lake taupo,lake taupo,LehmannMK_NZ_UOW_NZ_LK,New Zealand,5,-38.7505876,176.0176538,wb2:lake taupo,wb5:lake taupo,raw:Lake Taupo,cg:LehmannMK_NZ_UOW_NZ_LK,
Lake Tekapo,lake tekapo,lake tekapo,LehmannMK_NZ_UOW_NZ_LK,New Zealand,1,-43.929889,170.526889,wb2:lake tekapo,wb5:lake tekapo,raw:Lake Tekapo,cg:LehmannMK_NZ_UOW_NZ_LK,
Lake Tuggeranong,lake tuggeranong,lake tuggeranong,AnsteeJ_AU_CSIRO,Australia,1,-35.40916111,149.0663889,wb2:lake tuggeranong,wb5:lake tuggeranong,raw:Lake Tuggeranong,cg:AnsteeJ_AU_CSIRO,
Lake Tutira,lake tutira,lake tutira,LehmannMK_NZ_UOW_NZ_LK,New Zealand,1,-39.226619,176.893,wb2:lake tutira,wb5:lake tutira,raw:Lake Tutira,cg:LehmannMK_NZ_UOW_NZ_LK,
Lake Waikopiro,lake waikopiro,lake waikopiro,LehmannMK_NZ_UOW_NZ_LK,New Zealand,1,-39.235301,176.89497,wb2:lake tutira,wb5:lake tutira,raw:Lake Waikopiro,cg:LehmannMK_NZ_UOW_NZ_LK,
Lake Vanern,lake vanern,lake vanern,AlikasK_EE_UT-TO,Sweden,9,58.677144444444444,13.274993333333335,wb2:lake vanern,wb5:lake vanern,raw:Lake Vanern,cg:AlikasK_EE_UT-TO,
Lake Vänern,lake vanern,lake vanern,SpyrakosE_GB_STIR,Sweden,7,58.69127381142857,13.26555238,wb2:lake vanern,wb5:lake vanern,raw:Lake Vänern,cg:AlikasK_EE_UT-TO,name normalised
Lake Vanttausjarvi,lake vanttausjarvi,lake vanttausjarvi,AlikasK_EE_UT-TO,Finland,1,66.48714,26.60941,wb2:lake vanttausjarvi,wb5:lake vanttausjarvi,raw:Lake Vanttausjarvi,cg:AlikasK_EE_UT-TO,
Lake Verevi,lake verevi,lake verevi,AlikasK_EE_UT-TO,Estonia,3,58.23099166666666,26.404783666666663,wb2:lake verevi,wb5:lake verevi,raw:Lake Verevi,cg:AlikasK_EE_UT-TO,
Lake Victoria,lake victoria,lake victoria,AnsteeJ_AU_CSIRO,Australia,3,-33.987002999999994,141.27198313333335,wb2:lake victoria,wb5:lake victoria,raw:Lake Victoria,cg:AnsteeJ_AU_CSIRO,
Lake Viljandi,lake viljandi,lake viljandi,AlikasK_EE_UT-TO,Estonia,1,58.35718,25.60305,wb2:lake viljandi,wb5:lake viljandi,raw:Lake Viljandi,cg:AlikasK_EE_UT-TO,
Lake Vortsjarv,lake vortsjarv,lake vortsjarv,AlikasK_EE_UT-TO,Estonia,16,58.219075625,26.064335,wb2:lake vortsjarv,wb5:lake vortsjarv,raw:Lake Vortsjarv,cg:AlikasK_EE_UT-TO,
Lake Vuoskujarvi,lake vuoskujarvi,lake vuoskujarvi,AlikasK_EE_UT-TO,Finland,1,66.43307,26.54973,wb2:lake vuoskujarvi,wb5:lake vuoskujarvi,raw:Lake Vuoskujarvi,cg:AlikasK_EE_UT-TO,
Lake Waahi,lake waahi,lake waahi,LehmannMK_NZ_UOW_NZ_LK,New Zealand,2,-37.5574285,175.12526,wb2:lake waahi,wb5:lake hakanoa,raw:Lake Waahi,cg:LehmannMK_NZ_UOW_NZ_LK,
Lake Waikare,lake waikare,lake waikare,LehmannMK_NZ_UOW_NZ_LK,New Zealand,1,-37.426093,175.20036,wb2:lake waikare,wb5:lake waikare,raw:Lake Waikare,cg:LehmannMK_NZ_UOW_NZ_LK,
Lake Waikaremoana,lake waikaremoana,lake waikaremoana,LehmannMK_NZ_UOW_NZ_LK,New Zealand,2,-38.773755,177.11047,wb2:lake waikaremoana,wb5:lake waikaremoana,raw:Lake Waikaremoana,cg:LehmannMK_NZ_UOW_NZ_LK,
Lake Wainui,lake wainui,lake wainui,LehmannMK_NZ_UOW_NZ_LK,New Zealand,1,-36.101378,173.88225,wb2:lake wainui,wb5:lake wainui,raw:Lake Wainui,cg:LehmannMK_NZ_UOW_NZ_LK,
Lake Wairepo Arm,lake wairepo arm,lake wairepo arm,LehmannMK_NZ_UOW_NZ_LK,New Zealand,1,-44.298703,170.078974,wb2:lake wairepo arm,wb5:lake ruataniwha,raw:Lake Wairepo Arm,cg:LehmannMK_NZ_UOW_NZ_LK,
Lake Waitawa,lake waitawa,lake waitawa,LehmannMK_NZ_UOW_NZ_LK,New Zealand,1,-40.724733,175.1705,wb2:lake waitawa,wb5:lake waitawa,raw:Lake Waitawa,cg:LehmannMK_NZ_UOW_NZ_LK,
Lake Wakatipu,lake wakatipu,lake wakatipu,LehmannMK_NZ_UOW_NZ_LK,New Zealand,2,-45.0256365,168.5574135,wb2:lake wakatipu,wb5:lake wakatipu,raw:Lake Wakatipu,cg:LehmannMK_NZ_UOW_NZ_LK,
Lake Wanaka,lake wanaka,lake wanaka,LehmannMK_NZ_UOW_NZ_LK,New Zealand,6,-44.569939,169.09502366666666,wb2:lake wanaka,wb5:lake wanaka,raw:Lake Wanaka,cg:LehmannMK_NZ_UOW_NZ_LK,
Lake Waubesa,lake waubesa,lake waubesa,GrebSR_US_WDNR,United States of America (the),9,43.01073777777778,-89.32375777777777,wb2:lake waubesa,wb5:lake mendota,raw:Lake Waubesa,cg:BindingC_CA_ECCC,
Lake Whangape,lake whangape,lake whangape,LehmannMK_NZ_UOW_NZ_LK,New Zealand,2,-37.4681015,175.052805,wb2:lake whangape,wb5:lake whangape,raw:Lake Whangape,cg:LehmannMK_NZ_UOW_NZ_LK,
Lake Winnebago,lake winnebago,lake winnebago,GrebSR_US_WDNR,United States of America (the),10,43.969041,-88.43879,wb2:lake winnebago,wb5:lake winnebago,raw:Lake Winnebago,cg:BindingC_CA_ECCC,
Lake Winneconne,lake winneconne,lake winneconne,GrebSR_US_WDNR,United States of America (the),4,44.1430725,-88.73556,wb2:lake winneconne,wb5:lake winneconne,raw:Lake Winneconne,cg:BindingC_CA_ECCC,
Lake Winnipeg,lake winnipeg,lake winnipeg,BindingC_CA_ECCC,Canada,46,52.01237500021739,-97.38261376826087,wb2:lake winnipeg,wb5:lake winnipeg,raw:Lake Winnipeg,cg:BindingC_CA_ECCC,
Lake Wisconsin,lake wisconsin,lake wisconsin,GrebSR_US_WDNR,United States of America (the),3,43.379286666666665,-89.59291666666667,wb2:lake wisconsin,wb5:lake wisconsin,raw:Lake Wisconsin,cg:BindingC_CA_ECCC,
Lake Wissota,lake wissota,lake wissota,GrebSR_US_WDNR,United States of America (the),6,44.95085,-91.32688666666667,wb2:lake wissota,wb5:lake wissota,raw:Lake Wissota,cg:BindingC_CA_ECCC,
Lake Zug,lake zug,lake zug,WertherM_GB_STIR,Switzerland,3,47.12397333333333,8.483736666666667,wb2:lake zug,wb5:lake zug,raw:Lake Zug,cg:LehmannMK_NZ_UOW_NZ_LK,
Lake Zurich,lake zurich,lake zurich,WertherM_GB_STIR,Switzerland,3,47.22358333333333,8.744563333333334,wb2:lake zurich,wb5:lake zurich,raw:Lake Zurich,cg:LehmannMK_NZ_UOW_NZ_LK,
Liangzi Lake,liangzi lake,liangzi lake,YueL_CN_CUG,China,40,30.2524635075,114.5357747825,wb2:liangzi lake,wb5:liangzi lake,raw:Liangzi Lake,cg:YueL_CN_CUG,
"Little Pee Dee River, SC","little pee dee river, sc","little pee dee river, sc",SchallesJ_US_Creighton,United States of America (the),1,33.7362666666667,-79.2239833333333,"wb2:little pee dee river, sc","wb5:little pee dee river, sc","raw:Little Pee Dee River, SC",cg:BindingC_CA_ECCC,
Loch Lomond,loch lomond,loch lomond,SpyrakosE_GB_STIR,United Kingdom of Great Britain and Northern Ireland (the),5,56.138828000000004,-4.627006,wb2:loch lomond,wb5:loch lomond,raw:Loch Lomond,cg:AlikasK_EE_UT-TO,
Long Lake,long lake,long lake,GrebSR_US_WDNR,United States of America (the),3,45.71232666666666,-91.68533000000001,wb2:long lake,wb5:long lake,raw:Long Lake,cg:BindingC_CA_ECCC,
Loskop,loskop,loskop,MatthewsM_ZA_UCT,South Africa,38,-25.453,29.288,wb2:loskop,wb5:loskop,raw:Loskop,cg:KravitzJ_ZA_UCT,
Lurefjorden,lurefjorden,lurefjorden,KristoffersenA_NO_UiB,Norway,5,60.668146,5.144012,wb2:lurefjorden,wb5:lurefjorden,raw:Lurefjorden,cg:KristoffersenA_NO_UiB,
"Mackay River, GA","mackay river, ga","mackay river, ga",SchallesJ_US_Creighton,United States of America (the),1,31.231455,-81.429949,"wb2:mackay river, ga","wb5:mackay river, ga","raw:Mackay River, GA",cg:BindingC_CA_ECCC,
Mamiraua,mamiraua,mamiraua,BarbosaCCF_BR_LabISA-INPE,Brazil,6,-2.9422684999999995,-64.95671750000001,wb2:mamiraua,wb5:mamiraua,raw:Mamiraua,cg:BarbosaCCF_BR_LabISA-INPE,
Mangakaware,mangakaware,mangakaware,LehmannMK_NZ_UOW_NZ_LK,New Zealand,2,-37.933776,175.21962050000002,wb2:mangakaware,wb5:mangakaware,raw:Mangakaware,cg:LehmannMK_NZ_UOW_NZ_LK,
Mantova,mantova,mantova,GiardinoC_IT_CNR-IREA,Italy,36,45.162374229074075,10.775173424969136,wb2:mantova,wb5:mantova,raw:Mantova,cg:GiardinoC_IT_CNR-IREA,
Mapourika,mapourika,mapourika,LehmannMK_NZ_UOW_NZ_LK,New Zealand,1,-43.30345,170.215,wb2:mapourika,wb5:mapourika,raw:Mapourika,cg:LehmannMK_NZ_UOW_NZ_LK,
McConaughy Lake,mcconaughy lake,mcconaughy lake,GitelsonAA_US_UNL,United States of America (the),5,41.250221999999994,-101.81833400000001,wb2:mcconaughy lake,wb5:mcconaughy lake,raw:McConaughy Lake,cg:GitelsonAA_US_UNL,
Mekong River,mekong river,mekong river,JametC_FR_ULCO-LOG,Viet Nam,3,9.590743333333334,106.45299999999999,wb2:mekong river,wb5:mekong river,raw:Mekong River,cg:BracherA_DE_AWI,
Metonga Lake,metonga lake,metonga lake,GrebSR_US_WDNR,United States of America (the),9,45.541219999999996,-88.90360444444444,wb2:metonga lake,wb5:metonga lake,raw:Metonga Lake,cg:BindingC_CA_ECCC,
Minnetonka Halstead's Bay,minnetonka halstead's bay,minnetonka halstead's bay,OlmansonLG_US_UMN,United States of America (the),1,44.90907,-93.68394,wb2:minnetonka halstead's bay,wb5:minnetonka halstead's bay,raw:Minnetonka Halstead's Bay,cg:OlmansonLG_US_UMN,"manual merge (AUDIT_1 L2): bays and arms of Lake Minnetonka, 4-7 km apart"
Minnetonka Maxwell Bay,minnetonka maxwell bay,minnetonka maxwell bay,OlmansonLG_US_UMN,United States of America (the),1,44.95842,-93.60585,wb2:minnetonka halstead's bay,wb5:minnetonka halstead's bay,raw:Minnetonka Maxwell Bay,cg:OlmansonLG_US_UMN,"manual merge (AUDIT_1 L2): bays and arms of Lake Minnetonka, 4-7 km apart"
Minnetonka North Arm,minnetonka north arm,minnetonka north arm,OlmansonLG_US_UMN,United States of America (the),1,44.95805,-93.61896,wb2:minnetonka halstead's bay,wb5:minnetonka halstead's bay,raw:Minnetonka North Arm,cg:OlmansonLG_US_UMN,"manual merge (AUDIT_1 L2): bays and arms of Lake Minnetonka, 4-7 km apart"
Minnetonka Stubbs Bay,minnetonka stubbs bay,minnetonka stubbs bay,OlmansonLG_US_UMN,United States of America (the),1,44.96789,-93.61614,wb2:minnetonka halstead's bay,wb5:minnetonka halstead's bay,raw:Minnetonka Stubbs Bay,cg:OlmansonLG_US_UMN,"manual merge (AUDIT_1 L2): bays and arms of Lake Minnetonka, 4-7 km apart"
Minnetonka Upper Lake,minnetonka upper lake,minnetonka upper lake,OlmansonLG_US_UMN,United States of America (the),1,44.91332,-93.60392,wb2:minnetonka halstead's bay,wb5:minnetonka halstead's bay,raw:Minnetonka Upper Lake,cg:OlmansonLG_US_UMN,"manual merge (AUDIT_1 L2): bays and arms of Lake Minnetonka, 4-7 km apart"
Minnetonka West Arm,minnetonka west arm,minnetonka west arm,OlmansonLG_US_UMN,United States of America (the),1,44.94625,-93.636,wb2:minnetonka halstead's bay,wb5:minnetonka halstead's bay,raw:Minnetonka West Arm,cg:OlmansonLG_US_UMN,"manual merge (AUDIT_1 L2): bays and arms of Lake Minnetonka, 4-7 km apart"
Minnetonka West Upper Lake,minnetonka west upper lake,minnetonka west upper lake,OlmansonLG_US_UMN,United States of America (the),1,44.90519,-93.65683,wb2:minnetonka halstead's bay,wb5:minnetonka halstead's bay,raw:Minnetonka West Upper Lake,cg:OlmansonLG_US_UMN,"manual merge (AUDIT_1 L2): bays and arms of Lake Minnetonka, 4-7 km apart"
"Missouri River, NE","missouri river, ne","missouri river, ne",SchallesJ_US_Creighton,United States of America (the),9,41.23266111111111,-95.91094814814812,"wb2:missouri river, ne","wb5:carter lake, ne","raw:Missouri River, NE",cg:BindingC_CA_ECCC,
Moeraki,moeraki,moeraki,LehmannMK_NZ_UOW_NZ_LK,New Zealand,1,-43.73209,169.2841,wb2:moeraki,wb5:moeraki,raw:Moeraki,cg:LehmannMK_NZ_UOW_NZ_LK,
"Monie Bay, MD","monie bay, md","monie bay, md",SchallesJ_US_Creighton,United States of America (the),3,38.22095,-75.82916,"wb2:monie bay, md","wb5:monie bay, md","raw:Monie Bay, MD",cg:BindingC_CA_ECCC,
Monowai,monowai,monowai,LehmannMK_NZ_UOW_NZ_LK,New Zealand,2,-45.852872000000005,167.4308925,wb2:monowai,wb5:monowai,raw:Monowai,cg:LehmannMK_NZ_UOW_NZ_LK,
"Moore's Lake, DE","moore's lake, de","moore's lake, de",SchallesJ_US_Creighton,United States of America (the),1,39.1278,-75.5215166666667,"wb2:moore's lake, de","wb5:delaware bay, de","raw:Moore's Lake, DE",cg:BindingC_CA_ECCC,
Morse Reservoir,morse reservoir,morse reservoir,LiL_US_IUPUI,United States of America (the),54,40.10059222222222,-86.03918314814815,wb2:morse reservoir,wb5:morse reservoir,raw:Morse Reservoir,cg:BindingC_CA_ECCC,
MSU warm water aquaculture ponds,msu warm water aquaculture ponds,msu warm water aquaculture ponds,MishraDR_US_MSU,United States of America (the),41,,,wb2:msu warm water aquaculture ponds,wb5:msu warm water aquaculture ponds,raw:MSU warm water aquaculture ponds,cg:MishraDR_US_MSU,
Mulargia,mulargia,mulargia,GiardinoC_IT_CNR-IREA,Italy,11,39.62023787878789,9.239024242424243,wb2:mulargia,wb5:mulargia,raw:Mulargia,cg:GiardinoC_IT_CNR-IREA,
Naardermeer-Spookgat,naardermeer-spookgat,naardermeer-spookgat,DekkerAG_NL_VU,Netherlands (the),1,52.30269,5.10699,wb2:naardermeer-spookgat,wb5:amsterdam-rhine canal,raw:Naardermeer-Spookgat,cg:DekkerAG_NL_VU,
Navalcán,navalcan,navalcan,Ruiz-VerduA_ES_UVEG-CEDEX,Spain,3,40.04342592592593,-5.119074074074073,wb2:navalcan,wb5:navalcan,raw:Navalcán,cg:Ruiz-VerduA_ES_UVEG-CEDEX,name normalised
Negratín,negratin,negratin,Ruiz-VerduA_ES_UVEG-CEDEX,Spain,2,37.5726141892105,-2.902289276662435,wb2:negratin,wb5:negratin,raw:Negratín,cg:Ruiz-VerduA_ES_UVEG-CEDEX,name normalised
"Neuse River, NC","neuse river, nc","neuse river, nc",SchallesJ_US_Creighton,United States of America (the),8,35.11954166666666,-77.03176458333334,"wb2:neuse river, nc","wb5:neuse river, nc","raw:Neuse River, NC",cg:BindingC_CA_ECCC,
Nightevecht,nightevecht,nightevecht,WernandMR_NL_NIOZ_LK,Netherlands (the),1,52.27425,5.0227,wb2:nightevecht,wb5:amsterdam-rhine canal,raw:Nightevecht,cg:DekkerAG_NL_VU,
NIOZ jetty,nioz jetty,nioz jetty,WernandMR_NL_NIOZ_LK,Netherlands (the),1,53.001833,4.7892,wb2:nioz jetty,wb5:nioz jetty,raw:NIOZ jetty,cg:DekkerAG_NL_VU,
North Sea,north sea,north sea,BracherA_DE_AWI,Germany,2,54.196915000000004,7.6273315,wb2:north sea,wb5:north sea,raw:North Sea,cg:BracherA_DE_AWI,
North Sea,north sea,north sea,BracherA_DE_AWI,Norway,13,58.157433076923084,7.7023069230769226,wb2:north sea,wb5:north sea,raw:North Sea,cg:BracherA_DE_AWI,
North Sea,north sea,north sea,WernandMR_NL_NIOZ_CST,Netherlands (the),39,53.30224666666667,3.9998518974358976,wb2:north sea,wb5:north sea,raw:North Sea,cg:BracherA_DE_AWI,
Sognefjord,sognefjord,sognefjord,BracherA_DE_AWI,Norway,2,61.0995,6.472085,wb2:north sea,wb5:north sea,raw:Sognefjord,cg:BracherA_DE_AWI,manual merge (pipeline review of candidates): same fjord (inner fjord and fjord mouth)
Sognefjord/North Sea,sognefjord/north sea,sognefjord/north sea,BracherA_DE_AWI,Norway,2,61.060919999999996,5.0265,wb2:north sea,wb5:north sea,raw:Sognefjord/North Sea,cg:BracherA_DE_AWI,manual merge (pipeline review of candidates): same fjord (inner fjord and fjord mouth)
"Nueces Bay, TX","nueces bay, tx","nueces bay, tx",SchallesJ_US_Creighton,United States of America (the),7,27.846998809523814,-97.42400515873017,"wb2:nueces bay, tx","wb5:corpus christi bay, tx","raw:Nueces Bay, TX",cg:BindingC_CA_ECCC,
Ogallala Lake,ogallala lake,ogallala lake,GitelsonAA_US_UNL,United States of America (the),7,41.21704714285714,-101.65584142857142,wb2:ogallala lake,wb5:mcconaughy lake,raw:Ogallala Lake,cg:GitelsonAA_US_UNL,
Ohinewai,ohinewai,ohinewai,LehmannMK_NZ_UOW_NZ_LK,New Zealand,1,-37.494439,175.171297,wb2:ohinewai,wb5:lake whangape,raw:Ohinewai,cg:LehmannMK_NZ_UOW_NZ_LK,
"Oneida Lake, NY","oneida lake, ny","oneida lake, ny",O'DonnellDM_US_UFI,United States of America (the),8,43.20275,-75.91125,"wb2:oneida lake, ny","wb5:oneida lake, ny","raw:Oneida Lake, NY",cg:BindingC_CA_ECCC,
"Osabaw Sound, GA","osabaw sound, ga","osabaw sound, ga",SchallesJ_US_Creighton,United States of America (the),1,31.8311666666667,-81.0364166666667,"wb2:osabaw sound, ga","wb5:osabaw sound, ga","raw:Osabaw Sound, GA",cg:BindingC_CA_ECCC,
"Otter Point Creek, MD","otter point creek, md","otter point creek, md",SchallesJ_US_Creighton,United States of America (the),1,39.44569,-76.2439,"wb2:otter point creek, md","wb5:bush river, md","raw:Otter Point Creek, MD",cg:BindingC_CA_ECCC,
"Pacific Ocean, CA","pacific ocean, ca","pacific ocean, ca",SeaBASS_US_NRL,United States of America (the),26,36.82792628192308,-121.9549147423077,"wb2:pacific ocean, ca","wb5:pacific ocean, ca","raw:Pacific Ocean, CA",cg:BindingC_CA_ECCC,
"Pamlico Sound, NC","pamlico sound, nc","pamlico sound, nc",SchallesJ_US_Creighton,United States of America (the),1,35.05055,-76.3032,"wb2:pamlico sound, nc","wb5:pamlico sound, nc","raw:Pamlico Sound, NC",cg:BindingC_CA_ECCC,
"Pamlico Sound, NC","pamlico sound, nc","pamlico sound, nc",SeaBASS_US_NOAA,United States of America (the),31,34.97918064516129,-76.26247957,"wb2:pamlico sound, nc","wb5:pamlico sound, nc","raw:Pamlico Sound, NC",cg:BindingC_CA_ECCC,
Paringa,paringa,paringa,LehmannMK_NZ_UOW_NZ_LK,New Zealand,2,-43.715554999999995,169.3998,wb2:paringa,wb5:paringa,raw:Paringa,cg:LehmannMK_NZ_UOW_NZ_LK,
Parnu Bay,parnu bay,parnu bay,AlikasK_EE_UT-TO,Estonia,14,58.28348999999999,24.370481428571427,wb2:parnu bay,wb5:parnu bay,raw:Parnu Bay,cg:AlikasK_EE_UT-TO,
Pelican Lake,pelican lake,pelican lake,GrebSR_US_WDNR,United States of America (the),9,45.50878888888889,-89.19541,wb2:pelican lake,wb5:pelican lake,raw:Pelican Lake,cg:BindingC_CA_ECCC,
Petenwell Lake,petenwell lake,petenwell lake,GrebSR_US_WDNR,United States of America (the),6,44.141751666666664,-89.96617333333334,wb2:petenwell lake,wb5:petenwell lake,raw:Petenwell Lake,cg:BindingC_CA_ECCC,
Pine Lake,pine lake,pine lake,GrebSR_US_WDNR,United States of America (the),6,45.67854666666667,-88.98169,wb2:pine lake,wb5:pine lake,raw:Pine Lake,cg:BindingC_CA_ECCC,
Pinilla,pinilla,pinilla,Ruiz-VerduA_ES_UVEG-CEDEX,Spain,4,40.942667217193026,-3.784892422222905,wb2:pinilla,wb5:pinilla,raw:Pinilla,cg:Ruiz-VerduA_ES_UVEG-CEDEX,
Pinto Lake,pinto lake,pinto lake,KudelaR_US_UCSC,United States of America (the),34,36.95126,-121.76832,wb2:pinto lake,wb5:pinto lake,raw:Pinto Lake,cg:KudelaR_US_UCSC,
Plum Island Estuary,plum island estuary,plum island estuary,FichotCG_US_BU_PIE,United States of America (the),23,42.747841739130436,-70.82295782608696,wb2:plum island estuary,wb5:plum island estuary,raw:Plum Island Estuary,cg:FichotCG_US_BU_PIE,
Poyang Lake,poyang lake,poyang lake,YueL_CN_CUG,China,16,29.15745256875,116.20816280625,wb2:poyang lake,wb5:poyang lake,raw:Poyang Lake,cg:YueL_CN_CUG,
Rainbow Flowage,rainbow flowage,rainbow flowage,GrebSR_US_WDNR,United States of America (the),4,45.8569625,-89.5177125,wb2:rainbow flowage,wb5:rainbow flowage,raw:Rainbow Flowage,cg:BindingC_CA_ECCC,
Red River,red river,red river,NguyenTTH_VN_VNU-HUS,Viet Nam,40,21.283101124999998,105.393754775,wb2:red river,wb5:red river,raw:Red River,cg:BracherA_DE_AWI,
Rialb,rialb,rialb,Ruiz-VerduA_ES_UVEG-CEDEX,Spain,4,41.963819444444425,1.22,wb2:rialb,wb5:rialb,raw:Rialb,cg:Ruiz-VerduA_ES_UVEG-CEDEX,
Riaño,riano,riano,Ruiz-VerduA_ES_UVEG-CEDEX,Spain,2,42.96111111111115,-5.04722222222222,wb2:riano,wb5:riano,raw:Riaño,cg:Ruiz-VerduA_ES_UVEG-CEDEX,name normalised
Ricobayo,ricobayo,ricobayo,Ruiz-VerduA_ES_UVEG-CEDEX,Spain,4,41.61347222222223,-5.935069444444445,wb2:ricobayo,wb5:ricobayo,raw:Ricobayo,cg:Ruiz-VerduA_ES_UVEG-CEDEX,
Roatan Island Inshore,roatan island inshore,roatan island inshore,SchallesJ_US_Creighton,Honduras,5,16.333,-86.54745,wb2:roatan island inshore,wb5:roatan island inshore,raw:Roatan Island Inshore,cg:BindingC_CA_ECCC,
Roatan Island Offshore,roatan island offshore,roatan island offshore,SchallesJ_US_Creighton,Honduras,10,16.3171,-86.5774,wb2:roatan island inshore,wb5:roatan island inshore,raw:Roatan Island Offshore,cg:BindingC_CA_ECCC,
Rock Lake,rock lake,rock lake,GrebSR_US_WDNR,United States of America (the),12,43.080330833333335,-88.93021583333332,wb2:rock lake,wb5:rock lake,raw:Rock Lake,cg:BindingC_CA_ECCC,
Roodeplaat,roodeplaat,roodeplaat,KravitzJ_ZA_UCT,South Africa,17,-25.626854074117645,28.373020865882353,wb2:roodeplaat,wb5:roodeplaat,raw:Roodeplaat,cg:KravitzJ_ZA_UCT,
Rosarito,rosarito,rosarito,Ruiz-VerduA_ES_UVEG-CEDEX,Spain,54,40.10162037037038,-5.298024691358023,wb2:rosarito,wb5:rosarito,raw:Rosarito,cg:Ruiz-VerduA_ES_UVEG-CEDEX,
Rotognaro,rotognaro,rotognaro,LehmannMK_NZ_UOW_NZ_LK,New Zealand,1,-37.485,175.11756,wb2:rotognaro,wb5:lake whangape,raw:Rotognaro,cg:LehmannMK_NZ_UOW_NZ_LK,
Rotognaroiti,rotognaroiti,rotognaroiti,LehmannMK_NZ_UOW_NZ_LK,New Zealand,1,-37.477005,175.107934,wb2:rotognaro,wb5:lake whangape,raw:Rotognaroiti,cg:LehmannMK_NZ_UOW_NZ_LK,
Rotoroa,rotoroa,rotoroa,LehmannMK_NZ_UOW_NZ_LK,New Zealand,3,-41.854549999999996,172.64116666666666,wb2:rotoroa,wb5:rotoroa,raw:Rotoroa,cg:LehmannMK_NZ_UOW_NZ_LK,
Round Lake,round lake,round lake,GrebSR_US_WDNR,United States of America (the),3,46.00726,-91.32616,wb2:round lake,wb5:round lake,raw:Round Lake,cg:BindingC_CA_ECCC,
Sakatah,sakatah,sakatah,OlmansonLG_US_UMN,United States of America (the),1,44.22694,-93.51833,wb2:sakatah,wb5:sakatah,raw:Sakatah,cg:OlmansonLG_US_UMN,
"San Antonio Bay, TX","san antonio bay, tx","san antonio bay, tx",SchallesJ_US_Creighton,United States of America (the),1,28.2061944444444,-96.8225,"wb2:san antonio bay, tx","wb5:san antonio bay, tx","raw:San Antonio Bay, TX",cg:BindingC_CA_ECCC,
San Juan,san juan,san juan,Ruiz-VerduA_ES_UVEG-CEDEX,Spain,2,40.3795833333333,-4.327361111111115,wb2:san juan,wb5:san juan,raw:San Juan,cg:Ruiz-VerduA_ES_UVEG-CEDEX,
Sanabria,sanabria,sanabria,Ruiz-VerduA_ES_UVEG-CEDEX,Spain,2,42.120833333333294,-6.71625,wb2:sanabria,wb5:sanabria,raw:Sanabria,cg:Ruiz-VerduA_ES_UVEG-CEDEX,
Santa Teresa,santa teresa,santa teresa,Ruiz-VerduA_ES_UVEG-CEDEX,Spain,2,40.6073611111111,-5.607916666666664,wb2:santa teresa,wb5:santa teresa,raw:Santa Teresa,cg:Ruiz-VerduA_ES_UVEG-CEDEX,
Santillana,santillana,santillana,Ruiz-VerduA_ES_UVEG-CEDEX,Spain,3,40.7189814814815,-3.8314814814814766,wb2:santillana,wb5:santillana,raw:Santillana,cg:Ruiz-VerduA_ES_UVEG-CEDEX,
"Satilla River, GA","satilla river, ga","satilla river, ga",SchallesJ_US_Creighton,United States of America (the),8,30.94876666666665,-81.74063958333335,"wb2:satilla river, ga","wb5:satilla river, ga","raw:Satilla River, GA",cg:BindingC_CA_ECCC,
Seto-Inland Sea,seto-inland sea,seto-inland sea,SiswantoE_JP_JAMSTEC,Japan,51,33.535261438235295,131.63279738431373,wb2:seto-inland sea,wb5:seto-inland sea,raw:Seto-Inland Sea,cg:SiswantoE_JP_JAMSTEC,
Shawano Lake,shawano lake,shawano lake,GrebSR_US_WDNR,United States of America (the),3,44.81097333333333,-88.51398333333333,wb2:shawano lake,wb5:shawano lake,raw:Shawano Lake,cg:BindingC_CA_ECCC,
Shirakaba,shirakaba,shirakaba,MatsushitaB_JP_Tsukuba,Japan,2,36.105472225,138.23494445,wb2:shirakaba,wb5:shirakaba,raw:Shirakaba,cg:MaR_CN_NIGLAS,
Soai Rap River,soai rap river,soai rap river,JametC_FR_ULCO-LOG,Viet Nam,6,10.59005,106.79821666666668,wb2:soai rap river,wb5:soai rap river,raw:Soai Rap River,cg:BracherA_DE_AWI,
South China Sea,south china sea,south china sea,JametC_FR_ULCO-LOG,Viet Nam,48,10.227681041666667,107.53095520833334,wb2:south china sea,wb5:south china sea,raw:South China Sea,cg:BracherA_DE_AWI,"manual merge (pipeline review of candidates): same named sea, same macro-region (1 Bornean sample)"
South China Sea (Bornean coast),south china sea (bornean coast),south china sea (bornean coast),BracherA_DE_AWI,Malaysia,1,6.01,114.78,wb2:south china sea,wb5:south china sea,raw:South China Sea (Bornean coast),cg:BracherA_DE_AWI,"manual merge (pipeline review of candidates): same named sea, same macro-region (1 Bornean sample)"
South Pacific Ocean (Peruvian coast),south pacific ocean (peruvian coast),south pacific ocean (peruvian coast),BracherA_DE_AWI,Peru,3,-12.190878222222224,-77.0837801111111,wb2:south pacific ocean (peruvian coast),wb5:south pacific ocean (peruvian coast),raw:South Pacific Ocean (Peruvian coast),cg:BracherA_DE_AWI,
"South River, MD","south river, md","south river, md",SchallesJ_US_Creighton,United States of America (the),1,38.92302,-76.50906,"wb2:south river, md","wb5:south river, md","raw:South River, MD",cg:BindingC_CA_ECCC,
Southern Ocean,southern ocean,southern ocean,SeaBASS_US_NRL-USM,Argentina,1,-53.75302,-36.62238,wb2:southern ocean,wb5:southern ocean,raw:Southern Ocean,cg:SeaBASS_US_NRL-USM,
Southern Ocean,southern ocean,southern ocean,SeaBASS_US_UConn,Argentina,1,-53.75233,-36.61823,wb2:southern ocean,wb5:southern ocean,raw:Southern Ocean,cg:SeaBASS_US_NRL-USM,
Spirit River Flowage,spirit river flowage,spirit river flowage,GrebSR_US_WDNR,United States of America (the),3,45.444673333333334,-89.77204666666667,wb2:spirit river flowage,wb5:spirit river flowage,raw:Spirit River Flowage,cg:BindingC_CA_ECCC,
"St. Andrews Sound, GA","st. andrews sound, ga","st. andrews sound, ga",SchallesJ_US_Creighton,United States of America (the),1,30.9989,-81.4183666666667,"wb2:st. andrews sound, ga","wb5:st. andrews sound, ga","raw:St. Andrews Sound, GA",cg:BindingC_CA_ECCC,
"St. Helena Sound, SC","st. helena sound, sc","st. helena sound, sc",SchallesJ_US_Creighton,United States of America (the),5,32.45702888888888,-80.42628222222223,"wb2:st. helena sound, sc","wb5:ashepoo river, sc","raw:St. Helena Sound, SC",cg:BindingC_CA_ECCC,
"St. Johns River, FL","st. johns river, fl","st. johns river, fl",SchallesJ_US_Creighton,United States of America (the),12,29.754318666666666,-81.66836700277779,"wb2:st. johns river, fl","wb5:doctor's lake, fl","raw:St. Johns River, FL",cg:BindingC_CA_ECCC,
"St. Joseph Bay, FL","st. joseph bay, fl","st. joseph bay, fl",SchallesJ_US_Creighton,United States of America (the),2,29.84380833333335,-85.35163333333335,"wb2:st. joseph bay, fl","wb5:st. joseph bay, fl","raw:St. Joseph Bay, FL",cg:BindingC_CA_ECCC,
"St. Leonard Creek, MD","st. leonard creek, md","st. leonard creek, md",SchallesJ_US_Creighton,United States of America (the),1,38.39433,-76.50338,"wb2:st. leonard creek, md","wb5:atlantic ocean, va","raw:St. Leonard Creek, MD",cg:BindingC_CA_ECCC,
"St. Pierre Creek, SC","st. pierre creek, sc","st. pierre creek, sc",SchallesJ_US_Creighton,United States of America (the),8,32.539446,-80.348539,"wb2:st. pierre creek, sc","wb5:ashepoo river, sc","raw:St. Pierre Creek, SC",cg:BindingC_CA_ECCC,
"St. Simons Sound, GA","st. simons sound, ga","st. simons sound, ga",SchallesJ_US_Creighton,United States of America (the),1,31.1313833333333,-81.3979666666667,"wb2:st. simons sound, ga","wb5:st. simons sound, ga","raw:St. Simons Sound, GA",cg:BindingC_CA_ECCC,
Suwa,suwa,suwa,MatsushitaB_JP_Tsukuba,Japan,9,36.053015431111106,138.08269444444443,wb2:suwa,wb5:suwa,raw:Suwa,cg:MaR_CN_NIGLAS,
Taihu,taihu,taihu,MaR_CN_NIGLAS,China,197,31.235826511167513,120.17655409238579,wb2:taihu,wb5:taihu,raw:Taihu,cg:MaR_CN_NIGLAS,
Te Anau,te anau,te anau,LehmannMK_NZ_UOW_NZ_LK,New Zealand,3,-45.34772933333333,167.70075466666665,wb2:te anau,wb5:te anau,raw:Te Anau,cg:LehmannMK_NZ_UOW_NZ_LK,
Te Koutu,te koutu,te koutu,LehmannMK_NZ_UOW_NZ_LK,New Zealand,1,-37.889,175.469984,wb2:te koutu,wb5:te koutu,raw:Te Koutu,cg:LehmannMK_NZ_UOW_NZ_LK,
Terradets,terradets,terradets,Ruiz-VerduA_ES_UVEG-CEDEX,Spain,2,42.06906819654015,0.890534728588736,wb2:terradets,wb5:terradets,raw:Terradets,cg:Ruiz-VerduA_ES_UVEG-CEDEX,
Theewaterskloof,theewaterskloof,theewaterskloof,MatthewsM_ZA_UCT,South Africa,10,-34.029,19.209,wb2:theewaterskloof,wb5:theewaterskloof,raw:Theewaterskloof,cg:KravitzJ_ZA_UCT,
Tokyo Bay,tokyo bay,tokyo bay,HigaH_JP_YNU,Japan,70,35.55742854285714,139.9133056142857,wb2:tokyo bay,wb5:tokyo bay,raw:Tokyo Bay,cg:HigaH_JP_YNU,
Trasimeno,trasimeno,trasimeno,GiardinoC_IT_CNR-IREA,Italy,28,43.12997575000001,12.128899797619045,wb2:trasimeno,wb5:trasimeno,raw:Trasimeno,cg:GiardinoC_IT_CNR-IREA,
Tremp,tremp,tremp,Ruiz-VerduA_ES_UVEG-CEDEX,Spain,4,42.20625,0.9545833333333335,wb2:tremp,wb5:tremp,raw:Tremp,cg:Ruiz-VerduA_ES_UVEG-CEDEX,
Trout Lake,trout lake,trout lake,GrebSR_US_WDNR,United States of America (the),6,46.04031833333334,-89.67033166666666,wb2:trout lake,wb5:trout lake,raw:Trout Lake,cg:BindingC_CA_ECCC,
Ullívarri,ullivarri,ullivarri,Ruiz-VerduA_ES_UVEG-CEDEX,Spain,2,42.93611108203715,-2.5806399969026197,wb2:ullivarri,wb5:ullivarri,raw:Ullívarri,cg:Ruiz-VerduA_ES_UVEG-CEDEX,name normalised
Ullswater,ullswater,ullswater,SpyrakosE_GB_STIR,United Kingdom of Great Britain and Northern Ireland (the),4,54.575275,-2.8929375,wb2:ullswater,wb5:ullswater,raw:Ullswater,cg:AlikasK_EE_UT-TO,
Vaal,vaal,vaal,KravitzJ_ZA_UCT,South Africa,6,-26.902265,28.133963500000004,wb2:vaal,wb5:vaal,raw:Vaal,cg:KravitzJ_ZA_UCT,
Valdecañas,valdecanas,valdecanas,Ruiz-VerduA_ES_UVEG-CEDEX,Spain,5,39.802277777777775,-5.50427777777778,wb2:valdecanas,wb5:valdecanas,raw:Valdecañas,cg:Ruiz-VerduA_ES_UVEG-CEDEX,name normalised
Valmayor,valmayor,valmayor,Ruiz-VerduA_ES_UVEG-CEDEX,Spain,4,40.54756944444445,-4.05111111111111,wb2:valmayor,wb5:valmayor,raw:Valmayor,cg:Ruiz-VerduA_ES_UVEG-CEDEX,
Valparaíso,valparaiso,valparaiso,Ruiz-VerduA_ES_UVEG-CEDEX,Spain,3,41.980277777777765,-6.292037037037036,wb2:valparaiso,wb5:valparaiso,raw:Valparaíso,cg:Ruiz-VerduA_ES_UVEG-CEDEX,name normalised
Valuengo,valuengo,valuengo,Ruiz-VerduA_ES_UVEG-CEDEX,Spain,2,38.3035172,-6.6657704,wb2:valuengo,wb5:valuengo,raw:Valuengo,cg:Ruiz-VerduA_ES_UVEG-CEDEX,
Vega de Jabalón,vega de jabalon,vega de jabalon,Ruiz-VerduA_ES_UVEG-CEDEX,Spain,1,38.7641666666667,-3.78527777777778,wb2:vega de jabalon,wb5:vega de jabalon,raw:Vega de Jabalón,cg:Ruiz-VerduA_ES_UVEG-CEDEX,name normalised
Vinkeveenseplas jachthaven,vinkeveenseplas jachthaven,vinkeveenseplas jachthaven,WernandMR_NL_NIOZ_LK,Netherlands (the),1,52.227533,4.9464,wb2:vinkeveenseplas jachthaven,wb5:vinkeveenseplas jachthaven,raw:Vinkeveenseplas jachthaven,cg:DekkerAG_NL_VU,
Volney,volney,volney,OlmansonLG_US_UMN,United States of America (the),1,44.36899,-93.64135,wb2:volney,wb5:volney,raw:Volney,cg:OlmansonLG_US_UMN,
"Waccamaw River, SC","waccamaw river, sc","waccamaw river, sc",SchallesJ_US_Creighton,United States of America (the),1,33.4685333333333,-79.1575666666667,"wb2:waccamaw river, sc","wb5:waccamaw river, sc","raw:Waccamaw River, SC",cg:BindingC_CA_ECCC,
Wachtels Lagoon,wachtels lagoon,wachtels lagoon,AnsteeJ_AU_CSIRO,Australia,3,-34.23469093333333,140.37172956666666,wb2:wachtels lagoon,wb5:wachtels lagoon,raw:Wachtels Lagoon,cg:AnsteeJ_AU_CSIRO,
Wahapo,wahapo,wahapo,LehmannMK_NZ_UOW_NZ_LK,New Zealand,1,-43.2504,170.2646,wb2:wahapo,wb5:wahapo,raw:Wahapo,cg:LehmannMK_NZ_UOW_NZ_LK,
"Wassau Sound, GA","wassau sound, ga","wassau sound, ga",SchallesJ_US_Creighton,United States of America (the),1,31.9248333333333,-80.9670833333333,"wb2:wassau sound, ga","wb5:wassau sound, ga","raw:Wassau Sound, GA",cg:BindingC_CA_ECCC,
"West Lake, Hanoi","west lake, hanoi","west lake, hanoi",NguyenTTH_VN_VNU-HUS,Viet Nam,19,21.04843157894737,105.826,"wb2:west lake, hanoi","wb5:west lake, hanoi","raw:West Lake, Hanoi",cg:BracherA_DE_AWI,
Western Treatment Plant,western treatment plant,western treatment plant,AnsteeJ_AU_CSIRO,Australia,16,-37.994249625,144.62972125,wb2:western treatment plant,wb5:western treatment plant,raw:Western Treatment Plant,cg:AnsteeJ_AU_CSIRO,
"Wicomico River, MD","wicomico river, md","wicomico river, md",SchallesJ_US_Creighton,United States of America (the),1,38.25637,-75.83367,"wb2:wicomico river, md","wb5:monie bay, md","raw:Wicomico River, MD",cg:BindingC_CA_ECCC,
Windermere,windermere,windermere,SpyrakosE_GB_STIR,United Kingdom of Great Britain and Northern Ireland (the),4,54.377275,-2.95178,wb2:windermere,wb5:windermere,raw:Windermere,cg:AlikasK_EE_UT-TO,
"Winyah Bay, SC","winyah bay, sc","winyah bay, sc",SchallesJ_US_Creighton,United States of America (the),4,33.26101666666668,-79.2330625,"wb2:winyah bay, sc","wb5:winyah bay, sc","raw:Winyah Bay, SC",cg:BindingC_CA_ECCC,
Wuhan East Lake,wuhan east lake,wuhan east lake,YueL_CN_CUG,China,33,30.56430878181818,114.40365184848484,wb2:wuhan east lake,wb5:wuhan east lake,raw:Wuhan East Lake,cg:YueL_CN_CUG,
Yellow Sea,yellow sea,yellow sea,OndrusekM_US_NOAA-STAR_KR_CST,Korea (the Republic of),53,34.78657905113208,126.47740013584907,wb2:yellow sea,wb5:yellow sea,raw:Yellow Sea,cg:OndrusekM_US_NOAA-STAR_KR_CST,
"York River, VA","york river, va","york river, va",SchallesJ_US_Creighton,United States of America (the),7,37.2465738095238,-76.43815000000002,"wb2:york river, va","wb5:york river, va","raw:York River, VA",cg:BindingC_CA_ECCC,
